"FIPS","AverageHousePrice","CountyName","StateName","UnemploymentRate","NumberOfSchools","NumberOfHospitals","AverageHospitalRating"
1001,114483.665338645,"Autauga","Alabama",3.6,15,1,4
1003,164861.685823755,"Baldwin","Alabama",3.6,47,4,3
1005,NA,"Barbour","Alabama",5.3,11,1,3
1013,NA,"Butler","Alabama",4.8,8,2,3
1015,NA,"Calhoun","Alabama",4.7,40,4,2.66666666666667
1019,NA,"Cherokee","Alabama",3.7,8,1,4
1025,NA,"Clarke","Alabama",7.6,11,2,3
1027,NA,"Clay","Alabama",4,8,1,3
1031,NA,"Coffee","Alabama",4,19,1,3
1033,92332.0512820513,"Colbert","Alabama",4.7,27,2,2.5
1039,NA,"Covington","Alabama",4.7,15,3,2.5
1041,NA,"Crenshaw","Alabama",4.1,4,2,3
1043,NA,"Cullman","Alabama",3.3,36,2,3
1045,NA,"Dale","Alabama",4.2,18,1,4
1049,98315.4929577465,"De Kalb","Alabama",3.8,20,1,3
1051,125561.373390558,"Elmore","Alabama",3.4,20,2,3.4
1053,NA,"Escambia","Alabama",4.6,18,2,4
1055,77994.2528735632,"Etowah","Alabama",4.1,45,4,2.75
1059,NA,"Franklin","Alabama",3.8,13,2,3
1061,NA,"Geneva","Alabama",3.9,12,1,3
1069,114940.996168582,"Houston","Alabama",4.1,31,5,3.5
1071,104431.914893617,"Jackson","Alabama",4.1,25,1,3
1073,99759.7701149425,"Jefferson","Alabama",3.7,226,14,2.75
1077,96148.5714285714,"Lauderdale","Alabama",4.2,22,1,2
1079,NA,"Lawrence","Alabama",4.2,16,1,4
1081,148163.218390805,"Lee","Alabama",3.6,37,1,4
1083,NA,"Limestone","Alabama",3.5,21,2,2
1089,NA,"Madison","Alabama",3.5,91,7,3
1091,NA,"Marengo","Alabama",5.1,14,1,3
1093,NA,"Marion","Alabama",4.1,14,2,3
1095,NA,"Marshall","Alabama",3.4,35,2,3
1097,93971.6475095785,"Mobile","Alabama",4.7,121,7,2
1099,72273.9463601533,"Monroe","Alabama",6.3,10,1,3
1101,NA,"Montgomery","Alabama",4,76,8,4
1107,NA,"Pickens","Alabama",4.6,10,1,3
1109,NA,"Pike","Alabama",4.5,11,1,3
1111,NA,"Randolph","Alabama",4,11,1,4
1113,103098.46743295,"Russell","Alabama",4.1,19,2,4
1117,164133.333333333,"Shelby","Alabama",2.9,53,3,3
1121,NA,"Talladega","Alabama",4.3,36,2,3
1123,110576.923076923,"Tallapoosa","Alabama",4.2,13,2,3
1127,NA,"Walker","Alabama",4.3,29,1,3
1133,NA,"Winston","Alabama",4.2,14,1,5
2020,250916.309012876,"Anchorage","Alaska",5.6,100,9,3
2090,197946.78111588,"Fairbanks North Star","Alaska",6,37,3,3
2110,274259.836065574,"Juneau","Alaska",4.6,14,1,3
2122,210048.421052632,"Kenai Peninsula","Alaska",7.8,44,3,3
2130,223292.337164751,"Ketchikan Gateway","Alaska",6.2,11,1,3
2170,NA,"Matanuska Susitna","Alaska",7.9,44,1,3
4001,136755.944055944,"Apache","Arizona",10.1,65,4,3
4003,124720.30651341,"Cochise","Arizona",5.6,84,8,1
4005,241994.636015326,"Coconino","Arizona",5.4,75,4,4
4007,146740.996168582,"Gila","Arizona",5.7,38,4,3
4009,114949.425287356,"Graham","Arizona",5.1,37,1,3
4013,178057.088122605,"Maricopa","Arizona",4.1,1246,73,3.04761904761905
4015,144750.957854406,"Mohave","Arizona",5.7,70,5,2.25
4019,155807.279693487,"Pima","Arizona",4.4,386,21,2
4021,142070.517928287,"Pinal","Arizona",4.9,143,6,3
4025,199438.697318008,"Yavapai","Arizona",4.4,107,5,3
4027,117031.417624521,"Yuma","Arizona",16.9,72,2,2
5001,NA,"Arkansas","Arkansas",3.5,9,2,4
5003,NA,"Ashley","Arkansas",5.5,8,1,3
5005,102860.91954023,"Baxter","Arkansas",4.1,10,1,3
5007,121924.904214559,"Benton","Arkansas",2.8,68,6,3.5
5009,89286.9731800766,"Boone","Arkansas",3.6,20,1,3
5011,NA,"Bradley","Arkansas",4.4,7,1,4
5015,NA,"Carroll","Arkansas",3.2,10,2,3
5027,NA,"Columbia","Arkansas",4.8,9,1,2
5031,94221.8390804598,"Craighead","Arkansas",3,36,6,3
5037,NA,"Cross","Arkansas",4.1,6,1,4
5043,NA,"Drew","Arkansas",4.9,8,1,3
5045,108660.91954023,"Faulkner","Arkansas",3.2,39,2,3
5049,NA,"Fulton","Arkansas",4,6,1,2
5051,115008.045977011,"Garland","Arkansas",4.1,30,6,2
5055,81437.9310344828,"Greene","Arkansas",3.5,15,1,2
5061,NA,"Howard","Arkansas",3.4,10,2,3
5063,71191.5708812261,"Independence","Arkansas",4.1,15,1,2
5069,68753.8461538462,"Jefferson","Arkansas",5.3,29,2,2
5071,NA,"Johnson","Arkansas",4.5,12,1,3
5075,NA,"Lawrence","Arkansas",4,12,1,3
5093,NA,"Mississippi","Arkansas",5.6,25,2,2
5109,NA,"Pike","Arkansas",4.1,7,1,3
5113,86918.1818181818,"Polk","Arkansas",4.2,9,1,3
5119,104294.636015326,"Pulaski","Arkansas",3.4,131,21,2.66666666666667
5123,NA,"Saint Francis","Arkansas",5.2,12,1,2
5125,116624.904214559,"Saline","Arkansas",3.1,28,2,3
5131,93884.6743295019,"Sebastian","Arkansas",3.6,40,7,2.5
5137,NA,"Stone","Arkansas",4.6,7,1,3
5141,66378.9272030651,"Van Buren","Arkansas",5.2,8,1,3
5143,128081.22605364,"Washington","Arkansas",2.6,64,10,3
5149,NA,"Yell","Arkansas",4.2,11,2,3
6001,471302.681992337,"Alameda","California",3,400,27,2.5
6005,224845.210727969,"Amador","California",3.9,17,1,2
6007,197437.931034483,"Butte","California",4.9,101,7,2.33333333333333
6013,398249.042145594,"Contra Costa","California",3.1,270,12,2
6015,164258.577405858,"Del Norte","California",5.6,21,1,2
6017,311345.593869732,"El Dorado","California",3.6,69,3,3
6019,169162.45210728,"Fresno","California",7.4,350,15,2
6023,217380.076628352,"Humboldt","California",3.6,93,6,3
6025,149809.961685824,"Imperial","California",17.5,72,2,2
6029,148808.812260536,"Kern","California",8,271,15,1.8
6031,143448.275862069,"Kings","California",7.8,67,4,2.5
6033,177877.394636015,"Lake","California",5.1,43,2,3
6035,145078.544061303,"Lassen","California",4.8,31,1,4
6037,374740.61302682,"Los Angeles","California",4.7,2277,131,2.775
6039,176903.831417625,"Madera","California",7,81,2,2
6041,707818.390804598,"Marin","California",2.3,79,4,3.5
6045,285385.057471264,"Mendocino","California",3.9,74,3,3.5
6047,NA,"Merced","California",8.1,113,3,3
6053,391807.279693487,"Monterey","California",6.4,147,4,3.33333333333333
6057,326322.605363985,"Nevada","California",3.5,55,2,3
6059,480765.900383142,"Orange","California",2.9,615,41,2.75
6061,330571.264367816,"Placer","California",3.2,120,4,4
6063,259608.90052356,"Plumas","California",7.6,15,3,3
6065,252723.754789272,"Riverside","California",4.3,506,24,2.27272727272727
6067,234401.915708812,"Sacramento","California",3.8,380,19,3
6069,335359.38697318,"San Benito","California",5.1,23,2,2
6071,214208.045977011,"San Bernardino","California",4,556,32,2.58333333333333
6073,378364.750957854,"San Diego","California",3.3,763,37,3.33333333333333
6075,691017.24137931,"San Francisco","California",2.4,134,18,3
6077,226098.46743295,"San Joaquin","California",5.9,239,10,2.4
6079,409974.712643678,"San Luis Obispo","California",2.9,84,6,3.33333333333333
6081,667807.279693487,"San Mateo","California",2.2,179,11,3.25
6083,442957.088122605,"Santa Barbara","California",3.9,124,9,3.75
6085,617061.302681992,"Santa Clara","California",2.6,422,17,2.66666666666667
6087,520674.712643678,"Santa Cruz","California",4.8,81,5,3
6089,182344.444444444,"Shasta","California",4.9,102,7,4
6093,156492.134831461,"Siskiyou","California",6.5,58,2,3
6095,281056.704980843,"Solano","California",3.9,107,7,3
6097,403252.490421456,"Sonoma","California",2.7,191,12,3.25
6099,196717.24137931,"Stanislaus","California",6.4,190,12,2
6107,143585.823754789,"Tulare","California",9.5,197,7,2.5
6111,409491.954022989,"Ventura","California",3.8,233,13,3
6113,290204.980842912,"Yolo","California",4.2,65,2,3.5
6115,161053.256704981,"Yuba","California",6.4,40,2,1
8001,183392.337164751,"Adams","Colorado",3.3,150,7,3
8005,211384.291187739,"Arapahoe","Colorado",3.1,159,9,3.5
8013,305860.91954023,"Boulder","Colorado",2.8,86,6,3.5
8029,154651.020408163,"Delta","Colorado",3.8,18,1,3
8031,219083.141762452,"Denver","Colorado",3,193,17,3.4
8035,305284.674329502,"Douglas","Colorado",2.7,90,5,3.33333333333333
8037,497801.992031873,"Eagle","Colorado",2.6,21,1,4
8041,186024.904214559,"El Paso","Colorado",3.7,219,12,4
8043,NA,"Fremont","Colorado",5,15,1,4
8045,262722.222222222,"Garfield","Colorado",3.1,26,2,3.5
8055,NA,"Huerfano","Colorado",6.2,5,1,3
8059,240281.992337165,"Jefferson","Colorado",2.9,168,3,3
8067,247870.881226054,"La Plata","Colorado",2.9,22,2,4.33333333333333
8069,219355.172413793,"Larimer","Colorado",2.7,95,8,3.66666666666667
8075,92563.2183908046,"Logan","Colorado",2.8,13,1,3
8077,159969.731800766,"Mesa","Colorado",3.9,54,4,3.5
8081,157780.239520958,"Moffat","Colorado",3.5,8,1,3
8083,179474.860335196,"Montezuma","Colorado",4.6,19,1,3
8085,170081.22605364,"Montrose","Colorado",3.5,18,1,4
8087,NA,"Morgan","Colorado",2.8,18,2,3
8089,69928.3524904215,"Otero","Colorado",4.8,16,1,3
8097,1046833.89830508,"Pitkin","Colorado",3.7,6,1,4
8099,NA,"Prowers","Colorado",3.1,13,1,3
8101,109615.325670498,"Pueblo","Colorado",4.7,60,4,4
8105,116531.351351351,"Rio Grande","Colorado",4.6,13,1,3
8107,350133.466135458,"Routt","Colorado",2.6,13,1,4
8117,NA,"Summit","Colorado",2.1,9,1,4
8123,173456.704980843,"Weld","Colorado",2.9,100,1,4
8125,NA,"Yuma","Colorado",2,11,2,3
9001,366894.636015326,"Fairfield","Connecticut",4.1,278,7,2.4
9003,192883.908045977,"Hartford","Connecticut",4.4,374,12,2.6
9005,216243.67816092,"Litchfield","Connecticut",3.9,84,3,2.5
9007,232803.0651341,"Middlesex","Connecticut",3.6,72,1,3
9009,200913.026819923,"New Haven","Connecticut",4.5,281,10,2.66666666666667
9011,200529.118773946,"New London","Connecticut",4,114,2,3.5
9013,203650.191570881,"Tolland","Connecticut",3.7,56,3,3.33333333333333
9015,165901.53256705,"Windham","Connecticut",4.6,50,2,3
10005,NA,"Sussex","Delaware",4,48,3,3.5
11001,351876.68161435,"District of Columbia","District of Columbia",5.6,260,15,1.8
12001,134264.750957854,"Alachua","Florida",3.2,76,6,3
12005,153280.076628352,"Bay","Florida",3.9,51,5,3
12007,95781.6326530612,"Bradford","Florida",3.3,13,1,3
12009,133307.662835249,"Brevard","Florida",3.5,131,11,3.28571428571429
12011,161854.022988506,"Broward","Florida",3.3,386,28,2.66666666666667
12015,145900,"Charlotte","Florida",3.9,26,4,2.33333333333333
12017,112860.384615385,"Citrus","Florida",5.1,25,2,2
12019,145958.620689655,"Clay","Florida",3.2,48,3,3
12021,249211.111111111,"Collier","Florida",3.5,72,6,3
12023,101839.846743295,"Columbia","Florida",3.7,23,3,3
12027,88066.5338645418,"De Soto","Florida",3.7,12,1,3
12031,123712.260536398,"Duval","Florida",3.5,217,15,3
12033,110838.697318008,"Escambia","Florida",3.6,76,9,3.2
12035,160614.342629482,"Flagler","Florida",4,17,1,3
12045,130070.114942529,"Gulf","Florida",4.3,6,1,4
12049,69521.2244897959,"Hardee","Florida",4.9,11,1,3
12051,86789.2720306513,"Hendry","Florida",6,17,1,3
12053,116285.440613027,"Hernando","Florida",4.4,36,5,2.5
12055,90511.877394636,"Highlands","Florida",4.9,23,3,2.33333333333333
12057,138548.659003831,"Hillsborough","Florida",3.3,328,21,2.72727272727273
12061,147288.122605364,"Indian River","Florida",4.3,29,4,2.5
12063,72360.9561752988,"Jackson","Florida",4,22,2,3
12069,146669.731800766,"Lake","Florida",3.4,62,6,2.33333333333333
12071,162860.536398467,"Lee","Florida",3.4,130,7,2
12073,142191.954022989,"Leon","Florida",3.3,66,5,2.5
12081,178016.858237548,"Manatee","Florida",3.3,81,5,2.33333333333333
12083,107496.551724138,"Marion","Florida",4.2,68,7,2
12086,189668.965517241,"Miami-Dade","Florida",3.8,557,38,2.69565217391304
12087,406365.134099617,"Monroe","Florida",2.9,26,4,2.66666666666667
12089,190173.946360153,"Nassau","Florida",3.2,21,1,3
12091,158882.75862069,"Okaloosa","Florida",2.8,53,6,3.33333333333333
12093,97740.2298850575,"Okeechobee","Florida",3.6,17,1,3
12095,155778.544061303,"Orange","Florida",3.1,266,18,3
12097,144669.348659004,"Osceola","Florida",3.6,74,6,2
12099,181075.095785441,"Palm Beach","Florida",3.5,287,20,2.53333333333333
12101,125698.084291188,"Pasco","Florida",3.8,115,10,2.83333333333333
12103,135356.32183908,"Pinellas","Florida",3.2,182,18,2.8
12105,119350.957854406,"Polk","Florida",4,170,6,2.2
12107,89447.5095785441,"Putnam","Florida",4.8,25,1,2
12109,223113.026819923,"Saint Johns","Florida",2.8,58,1,3
12111,135500.383141762,"Saint Lucie","Florida",4.4,53,6,2
12113,148526.053639847,"Santa Rosa","Florida",3.3,40,5,3.33333333333333
12115,179158.620689655,"Sarasota","Florida",3.3,65,7,4
12117,166037.54789272,"Seminole","Florida",3.1,76,5,2
12119,176228.352490421,"Sumter","Florida",5.1,14,2,3
12121,NA,"Suwannee","Florida",3.8,14,1,3
12127,132897.318007663,"Volusia","Florida",3.7,94,9,2.8
12131,267611.111111111,"Walton","Florida",3,23,2,4
13009,110008.812260536,"Baldwin","Georgia",5,6,2,3
13015,109462.921348315,"Bartow","Georgia",3.7,24,1,4
13017,NA,"Ben Hill","Georgia",6,4,1,3
13021,95090.0383141762,"Bibb","Georgia",4.4,49,8,3.5
13023,NA,"Bleckley","Georgia",5.8,5,1,3
13031,120081.992337165,"Bulloch","Georgia",4.1,16,2,2
13045,99524.1379310345,"Carroll","Georgia",3.9,29,3,3
13051,130506.513409962,"Chatham","Georgia",3.7,56,9,2.33333333333333
13063,NA,"Clayton","Georgia",4.8,66,4,2
13067,172179.69348659,"Cobb","Georgia",3.3,126,6,2.5
13069,NA,"Coffee","Georgia",4.4,13,1,3
13071,78275.4789272031,"Colquitt","Georgia",3.6,14,2,3
13077,138425.287356322,"Coweta","Georgia",3.3,31,3,3
13081,NA,"Crisp","Georgia",4.8,8,1,3
13087,81236.398467433,"Decatur","Georgia",4.6,9,1,3
13089,137963.984674329,"Dekalb","Georgia",3.9,158,15,3
13091,NA,"Dodge","Georgia",5.2,6,1,3
13095,82326.4367816092,"Dougherty","Georgia",5,25,2,1
13097,120532.183908046,"Douglas","Georgia",4,35,2,3
13105,85087.4476987448,"Elbert","Georgia",4.8,6,1,4
13107,NA,"Emanuel","Georgia",5.7,8,1,3
13109,NA,"Evans","Georgia",3.6,4,1,4
13111,187977.639751553,"Fannin","Georgia",3.9,5,1,3
13113,210944.061302682,"Fayette","Georgia",3.4,24,1,2
13115,103913.793103448,"Floyd","Georgia",4.2,30,5,3.33333333333333
13117,230164.367816092,"Forsyth","Georgia",3.1,36,1,3
13121,183952.107279693,"Fulton","Georgia",3.9,206,19,2.6
13127,179768.322981366,"Glynn","Georgia",3.6,18,2,3
13129,106393.486590038,"Gordon","Georgia",3.8,15,1,5
13131,NA,"Grady","Georgia",3.8,7,1,4
13133,NA,"Greene","Georgia",4.2,5,2,3
13135,160402.298850575,"Gwinnett","Georgia",3.4,140,6,3
13137,112640.462427746,"Habersham","Georgia",3.6,13,1,3
13139,137629.885057471,"Hall","Georgia",3.1,42,2,3
13143,81109.3023255814,"Haralson","Georgia",3.8,10,1,3
13151,133515.325670498,"Henry","Georgia",4.1,51,2,2
13153,102190.038314176,"Houston","Georgia",4,41,2,3.5
13155,NA,"Irwin","Georgia",5.7,3,1,3
13157,NA,"Jackson","Georgia",2.9,20,1,2
13161,NA,"Jeff Davis","Georgia",4.8,4,1,3
13163,NA,"Jefferson","Georgia",5.3,6,1,3.5
13175,79775.8620689655,"Laurens","Georgia",4.8,15,2,4
13179,102873.180076628,"Liberty","Georgia",4.3,16,2,3
13185,117031.034482759,"Lowndes","Georgia",4,20,3,3
13187,153776.245210728,"Lumpkin","Georgia",3.4,5,1,3
13189,NA,"McDuffie","Georgia",5.4,6,2,3
13207,NA,"Monroe","Georgia",3.6,5,1,3
13213,99532.5358851675,"Murray","Georgia",5.2,11,1,3
13215,94867.4157303371,"Muscogee","Georgia",5,59,7,3.33333333333333
13217,109145.593869732,"Newton","Georgia",4.3,24,1,2
13223,NA,"Paulding","Georgia",3.4,34,2,3
13235,NA,"Pulaski","Georgia",4.2,3,1,3
13237,NA,"Putnam","Georgia",4.9,5,1,3
13245,NA,"Richmond","Georgia",5,63,11,2
13255,88295.0191570881,"Spalding","Georgia",4.6,18,1,3
13257,NA,"Stephens","Georgia",4.4,6,1,3
13261,NA,"Sumter","Georgia",5.9,8,2,3
13275,96090.4382470119,"Thomas","Georgia",4.7,13,2,3
13277,104032.183908046,"Tift","Georgia",4,11,1,2
13279,NA,"Toombs","Georgia",5.7,9,1,3
13281,182582.517482517,"Towns","Georgia",5.6,3,1,4
13285,NA,"Troup","Georgia",3.6,19,1,4
13291,152521.455938697,"Union","Georgia",3.6,6,1,3
13293,66060.9195402299,"Upson","Georgia",4.4,4,1,3
13297,123965.900383142,"Walton","Georgia",3.5,19,2,2
13299,64662.8352490421,"Ware","Georgia",3.9,10,2,3
13303,NA,"Washington","Georgia",4.9,5,1,3
13305,89781.2260536399,"Wayne","Georgia",4.6,8,1,2.66666666666667
13313,97033.3333333333,"Whitfield","Georgia",4.6,32,1,4
13317,NA,"Wilkes","Georgia",4.6,4,1,3
15001,252238.697318008,"Hawaii","Hawaii",2.8,56,6,3
15003,430432.567049808,"Honolulu","Hawaii",2.1,183,17,3
15007,NA,"Kauai","Hawaii",2.3,20,2,4
15009,420318.77394636,"Maui","Hawaii",2.3,33,4,3
16001,164504.597701149,"Ada","Idaho",2.4,131,11,3
16005,125647.509578544,"Bannock","Idaho",2.6,35,2,3
16011,140149.808429119,"Bingham","Idaho",2.7,32,3,4
16017,266811.111111111,"Bonner","Idaho",4,19,1,3
16019,113735.249042146,"Bonneville","Idaho",2.4,52,2,3.5
16027,117780.459770115,"Canyon","Idaho",3,78,2,4
16047,136019.157088123,"Gooding","Idaho",2.4,11,1,4
16057,204857.471264368,"Latah","Idaho",2.4,19,1,4
16065,165385.106382979,"Madison","Idaho",1.7,15,1,3
17001,111435.249042146,"Adams","Illinois",3.6,26,2,3
17011,NA,"Bureau","Illinois",4.6,28,2,3.5
17019,118083.665338645,"Champaign","Illinois",4.1,62,3,3
17021,62888.122605364,"Christian","Illinois",5.1,20,2,4
17025,71499.1150442478,"Clay","Illinois",4.8,11,1,3
17027,99235.2490421456,"Clinton","Illinois",3.3,23,1,3.66666666666667
17029,90168.1992337165,"Coles","Illinois",4.4,17,1,3
17031,190693.869731801,"Cook","Illinois",4.2,1326,73,2.69565217391304
17037,149794.252873563,"De Kalb","Illinois",4.1,42,3,4
17043,244330.268199234,"Du Page","Illinois",3.3,258,8,3.5
17045,NA,"Edgar","Illinois",4.3,18,1,4
17049,99975.4789272031,"Effingham","Illinois",3.5,18,1,4
17053,68163.601532567,"Ford","Illinois",4.4,9,1,4
17055,NA,"Franklin","Illinois",5.9,23,1,3
17057,NA,"Fulton","Illinois",5.7,23,1,3
17063,172439.751552795,"Grundy","Illinois",4.9,25,1,4
17065,NA,"Hamilton","Illinois",4,4,1,2
17073,94808.3682008368,"Henry","Illinois",4.7,29,2,4
17075,88650,"Iroquois","Illinois",4.1,25,1,2
17077,NA,"Jackson","Illinois",4.3,23,2,3
17081,65005.1792828685,"Jefferson","Illinois",5,21,3,2.5
17083,97364.0167364017,"Jersey","Illinois",4.5,8,1,3
17089,196850,"Kane","Illinois",4.6,145,5,3.33333333333333
17091,111985.823754789,"Kankakee","Illinois",4.8,43,2,4
17095,65802.2988505747,"Knox","Illinois",5,24,2,3
17097,223118.007662835,"Lake","Illinois",4.2,207,8,4
17099,111577.394636015,"La Salle","Illinois",5.4,50,5,3
17101,NA,"Lawrence","Illinois",5.5,6,1,3
17103,NA,"Lee","Illinois",4.1,16,1,3
17105,86126.0536398467,"Livingston","Illinois",4.1,24,1,4
17107,NA,"Logan","Illinois",4.4,15,1,4
17109,75790.9090909091,"McDonough","Illinois",4.7,15,1,3
17111,191409.195402299,"McHenry","Illinois",3.7,84,3,4.33333333333333
17113,129790.421455939,"McLean","Illinois",3.8,57,2,3.16666666666667
17115,74524.9042145594,"Macon","Illinois",5.2,45,2,2.5
17117,65959.7701149425,"Macoupin","Illinois",4.5,30,2,3.5
17119,95895.4022988506,"Madison","Illinois",4.2,80,7,3.16666666666667
17121,NA,"Marion","Illinois",4.6,28,2,2.5
17125,NA,"Mason","Illinois",5.4,9,1,3
17127,NA,"Massac","Illinois",6.5,9,1,4
17135,NA,"Montgomery","Illinois",5.5,16,2,3.28571428571429
17137,72517.2413793103,"Morgan","Illinois",4.1,24,1,3
17141,NA,"Ogle","Illinois",4.7,26,1,4
17143,93243.0278884462,"Peoria","Illinois",5.3,77,4,3.2
17145,NA,"Perry","Illinois",5.7,12,2,4
17157,NA,"Randolph","Illinois",4.1,16,3,3.23076923076923
17159,NA,"Richland","Illinois",4.2,7,1,3
17161,84929.5019157088,"Rock Island","Illinois",4.8,57,3,2
17163,89953.6398467433,"Saint Clair","Illinois",4.7,95,4,3.17647058823529
17165,NA,"Saline","Illinois",6.3,15,2,3
17167,107842.911877395,"Sangamon","Illinois",4.1,74,4,2.71428571428571
17177,84875.1351351351,"Stephenson","Illinois",4.4,23,1,3
17179,105014.176245211,"Tazewell","Illinois",4.6,56,2,3
17183,NA,"Vermilion","Illinois",5.7,40,3,3
17187,79393.1034482759,"Warren","Illinois",3.9,10,1,4
17195,86837.4501992032,"Whiteside","Illinois",4.3,30,2,4
17197,179311.877394636,"Will","Illinois",4.3,198,4,3
17199,76312.8078817734,"Williamson","Illinois",4.9,24,3,2.5
17201,101402.390438247,"Winnebago","Illinois",5.4,92,4,3.33333333333333
17203,121203.0651341,"Woodford","Illinois",3.8,20,1,4
18001,92424.1379310345,"Adams","Indiana",2.6,10,1,3
18003,99155.938697318,"Allen","Indiana",3.2,89,12,3
18005,124561.6,"Bartholomew","Indiana",2.6,20,1,4
18009,63857.4712643678,"Blackford","Indiana",3.9,5,1,4
18011,162746.743295019,"Boone","Indiana",2.7,17,1,4
18017,NA,"Cass","Indiana",3.8,15,3,3.25
18019,106897.6,"Clark","Indiana",3.4,32,4,2
18021,78673.9463601533,"Clay","Indiana",4,10,1,3
18023,82808.8122605364,"Clinton","Indiana",2.9,12,1,3
18027,79929.5019157088,"Daviess","Indiana",2.7,12,1,3
18029,137109.195402299,"Dearborn","Indiana",3.7,15,2,3
18031,99601.5325670498,"Decatur","Indiana",3,7,1,4
18033,102986.973180077,"De Kalb","Indiana",2.8,14,2,3
18035,81918.3908045977,"Delaware","Indiana",4,36,3,3
18037,113920.689655172,"Dubois","Indiana",2.5,18,1,5
18039,111837.164750958,"Elkhart","Indiana",2.6,56,3,4
18041,66734.4827586207,"Fayette","Indiana",4.7,9,1,4
18049,84136.398467433,"Fulton","Indiana",3.5,7,1,4
18051,87255.938697318,"Gibson","Indiana",2.7,13,1,3
18053,70736.398467433,"Grant","Indiana",3.9,27,3,3.33333333333333
18055,NA,"Greene","Indiana",4.5,14,1,3
18057,199242.574257426,"Hamilton","Indiana",2.7,67,6,4.2
18059,137171.647509579,"Hancock","Indiana",3,22,1,3
18061,107462.45210728,"Harrison","Indiana",3.4,15,1,3
18063,142636.781609195,"Hendricks","Indiana",2.9,42,2,4
18065,73919.9233716475,"Henry","Indiana",3.5,19,1,4
18067,80366.2921348315,"Howard","Indiana",3.9,26,3,3
18069,81328.7356321839,"Huntington","Indiana",3.6,11,1,4
18071,94575.8620689655,"Jackson","Indiana",2.9,15,1,5
18075,67288.8888888889,"Jay","Indiana",3.4,10,1,4
18077,91659.0038314176,"Jefferson","Indiana",3.5,10,3,4
18079,90373.1800766284,"Jennings","Indiana",3.7,8,1,3
18081,125693.486590038,"Johnson","Indiana",2.9,38,3,3.5
18083,65278.5440613027,"Knox","Indiana",3.3,11,1,2.57142857142857
18085,141181.132075472,"Kosciusko","Indiana",2.7,20,2,3
18087,122576.62835249,"Lagrange","Indiana",2.5,13,1,4
18089,126099.350649351,"Lake","Indiana",5,134,15,3.75
18093,79064.367816092,"Lawrence","Indiana",3.9,19,2,3.5
18095,78514.1762452107,"Madison","Indiana",3.8,30,5,4
18097,110059.638554217,"Marion","Indiana",3.5,242,23,2.85714285714286
18103,67084.6743295019,"Miami","Indiana",4,11,1,3
18105,131267.049808429,"Monroe","Indiana",3.8,30,3,4
18113,97445.9770114943,"Noble","Indiana",3,16,1,4
18117,71612.6436781609,"Orange","Indiana",3.9,8,1,3
18123,77069.7318007663,"Perry","Indiana",3.7,5,1,4
18127,153909.961685824,"Porter","Indiana",3.9,53,3,4
18131,74734.0996168582,"Pulaski","Indiana",3.2,6,1,4
18133,107090.038314176,"Putnam","Indiana",3.7,17,1,4
18135,68963.601532567,"Randolph","Indiana",3.9,13,1,4
18137,107320.689655172,"Ripley","Indiana",3.7,13,1,4
18139,82697.8947368421,"Rush","Indiana",2.9,8,1,3
18141,NA,"Saint Joseph","Indiana",3.6,72,7,4
18145,104604.597701149,"Shelby","Indiana",3.1,16,1,4
18151,124740.996168582,"Steuben","Indiana",2.7,9,1,3
18153,65746.4516129032,"Sullivan","Indiana",4.6,9,1,2
18157,119962.835249042,"Tippecanoe","Indiana",3.2,37,7,3
18159,97292.7203065134,"Tipton","Indiana",2.9,5,1,4
18163,93578.9272030651,"Vanderburgh","Indiana",3.2,39,6,3
18165,65162.0689655172,"Vermillion","Indiana",5.5,7,1,4
18167,74185.0574712644,"Vigo","Indiana",4.4,29,4,3.5
18171,79751.724137931,"Warren","Indiana",3.3,4,1,3
18173,128038.697318008,"Warrick","Indiana",3,17,4,4
18179,100350.191570881,"Wells","Indiana",2.8,9,1,3
18181,NA,"White","Indiana",3.1,12,1,3
18183,108888.505747126,"Whitley","Indiana",2.8,11,1,4
19007,NA,"Appanoose","Iowa",3.3,12,1,4
19013,96616.8582375479,"Black Hawk","Iowa",2.9,36,3,3
19015,96521.8884120172,"Boone","Iowa",2.2,17,1,3
19017,100807.755102041,"Bremer","Iowa",2.1,19,2,3.66666666666667
19021,78070.8812260536,"Buena Vista","Iowa",2.2,15,1,3
19025,NA,"Calhoun","Iowa",2.6,6,1,4
19029,NA,"Cass","Iowa",2.7,13,1,3
19033,93957.7181208054,"Cerro Gordo","Iowa",2.6,14,2,3
19035,NA,"Cherokee","Iowa",2.2,11,2,3
19041,82783.6734693878,"Clay","Iowa",3.3,7,1,4
19045,80985.0574712644,"Clinton","Iowa",3.2,20,3,2
19047,NA,"Crawford","Iowa",3.5,13,2,3
19057,77957.8544061303,"Des Moines","Iowa",3.3,17,1,2
19059,NA,"Dickinson","Iowa",3.1,10,1,4
19061,139865.168539326,"Dubuque","Iowa",2.5,27,3,4
19079,NA,"Hamilton","Iowa",2.7,11,1,3
19081,NA,"Hancock","Iowa",2.3,7,1,3
19093,NA,"Ida","Iowa",2,5,1,3
19099,88692.050209205,"Jasper","Iowa",2.6,19,1,3
19101,NA,"Jefferson","Iowa",2.5,8,1,4
19103,161692.828685259,"Johnson","Iowa",1.9,35,4,3.8
19111,NA,"Lee","Iowa",4.1,13,3,3
19113,119816.475095785,"Linn","Iowa",2.8,75,2,2.25
19125,95107.3469387755,"Marion","Iowa",2.1,18,3,4
19135,NA,"Monroe","Iowa",3,5,1,3
19137,NA,"Montgomery","Iowa",2.5,10,1,4
19139,96154.3933054393,"Muscatine","Iowa",2.7,17,1,3
19145,NA,"Page","Iowa",2.7,11,4,3.5
19149,NA,"Plymouth","Iowa",1.9,17,1,4
19153,131733.333333333,"Polk","Iowa",2.5,131,9,3.25
19155,111344.897959184,"Pottawattamie","Iowa",2.3,37,2,4
19161,NA,"Sac","Iowa",2.4,8,1,3
19163,119114.559386973,"Scott","Iowa",3,57,4,3.5
19167,145805.309734513,"Sioux","Iowa",1.8,15,6,4
19169,150882.02247191,"Story","Iowa",1.6,28,4,3
19175,NA,"Union","Iowa",3.6,6,1,4
19179,NA,"Wapello","Iowa",3.5,15,1,3
19197,NA,"Wright","Iowa",2.7,10,2,4.5
20001,62015.7088122605,"Allen","Kansas",4,10,2,2
20005,82838.2978723404,"Atchison","Kansas",4.6,6,1,3
20009,68260.1769911504,"Barton","Kansas",3.2,15,3,3.5
20013,68081.2260536399,"Brown","Kansas",3.1,7,2,2
20015,121811.494252874,"Butler","Kansas",3.5,43,2,3.5
20027,84303.1914893617,"Clay","Kansas",3.2,6,1,3
20031,85692.5531914894,"Coffey","Kansas",4.8,11,2,4
20035,62569.9115044248,"Cowley","Kansas",3.4,24,2,3.5
20037,67128,"Crawford","Kansas",4,17,2,3
20041,92598.9361702128,"Dickinson","Kansas",3.5,18,2,3.25
20045,152852.107279693,"Douglas","Kansas",3,30,1,3
20051,134384.042553191,"Ellis","Kansas",2.4,11,1,3
20053,65850,"Ellsworth","Kansas",2.8,6,1,4
20055,98067.0498084291,"Finney","Kansas",2.5,21,1,3
20057,88821.2765957447,"Ford","Kansas",2.5,16,1,3
20059,95926.1538461538,"Franklin","Kansas",3.5,15,1,4
20061,131408.849557522,"Geary","Kansas",4.9,16,2,3
20079,NA,"Harvey","Kansas",3.2,18,2,3.5
20091,198116.831683168,"Johnson","Kansas",2.8,156,17,3.8
20099,NA,"Labette","Kansas",4,18,3,4
20103,132948.659003831,"Leavenworth","Kansas",3.6,28,3,4
20111,NA,"Lyon","Kansas",3.5,16,1,3
20113,118314.893617021,"McPherson","Kansas",2.6,20,3,3.6
20121,139272.796934866,"Miami","Kansas",3.5,15,2,4
20123,72988.2978723404,"Mitchell","Kansas",2.3,6,1,3
20125,NA,"Montgomery","Kansas",4.3,12,2,3
20133,57537.2340425532,"Neosho","Kansas",4.9,10,1,3
20151,72930.8510638298,"Pratt","Kansas",2.8,6,1,3
20155,77160.1769911504,"Reno","Kansas",3.6,32,2,2
20157,58724.4680851064,"Republic","Kansas",2.7,5,1,3
20169,105253.097345133,"Saline","Kansas",3,16,2,3
20173,103887.356321839,"Sedgwick","Kansas",3.8,157,13,4.5
20175,91803.1914893617,"Seward","Kansas",3.3,14,1,3
20177,105037.168141593,"Shawnee","Kansas",3.5,56,5,3
20183,57798.9361702128,"Smith","Kansas",2.5,4,1,4
20191,70706.3829787234,"Sumner","Kansas",3.5,20,2,2
20193,88612.7659574468,"Thomas","Kansas",2.6,7,1,3.66666666666667
20205,57795.7446808511,"Wilson","Kansas",4.4,8,2,3.5
20209,70669.7318007663,"Wyandotte","Kansas",4.7,61,4,3.33333333333333
21001,NA,"Adair","Kentucky",5.3,5,1,4
21003,NA,"Allen","Kentucky",3.6,5,1,3
21009,NA,"Barren","Kentucky",4.3,20,1,3
21013,NA,"Bell","Kentucky",6.3,21,2,4
21017,99357.0881226054,"Bourbon","Kentucky",3.9,10,1,3
21021,114121.072796935,"Boyle","Kentucky",4.4,14,1,2
21027,NA,"Breckinridge","Kentucky",5.1,10,1,3
21033,NA,"Caldwell","Kentucky",4.7,5,1,3
21041,NA,"Carroll","Kentucky",4.3,7,1,3
21045,NA,"Casey","Kentucky",4.5,6,1,4
21047,92529.5019157088,"Christian","Kentucky",5.2,27,3,2
21049,125436.781609195,"Clark","Kentucky",4.1,19,1,4
21057,NA,"Cumberland","Kentucky",4.5,3,1,3
21059,105561.302681992,"Daviess","Kentucky",3.9,34,2,3
21065,NA,"Estill","Kentucky",5.2,6,1,4
21067,132121.072796935,"Fayette","Kentucky",3.3,78,11,3
21069,NA,"Fleming","Kentucky",5.3,6,1,3
21071,NA,"Floyd","Kentucky",6.4,18,3,2
21073,114829.885057471,"Franklin","Kentucky",3.8,18,1,3
21083,NA,"Graves","Kentucky",4.9,18,1,3
21085,NA,"Grayson","Kentucky",4.8,8,1,4
21089,NA,"Greenup","Kentucky",6.4,16,1,3
21093,113733.466135458,"Hardin","Kentucky",4.1,41,3,4
21095,NA,"Harlan","Kentucky",7.3,14,1,2
21097,NA,"Harrison","Kentucky",4.1,8,1,3
21099,NA,"Hart","Kentucky",3.8,8,1,3
21101,99196.9348659004,"Henderson","Kentucky",3.8,14,1,3.66666666666667
21107,80345.9227467811,"Hopkins","Kentucky",4.3,21,1,3
21111,120214.176245211,"Jefferson","Kentucky",4.1,177,17,1
21115,NA,"Johnson","Kentucky",6.5,15,1,3
21121,NA,"Knox","Kentucky",6.2,16,1,1
21127,NA,"Lawrence","Kentucky",7,6,1,3
21137,74138.3141762452,"Lincoln","Kentucky",5,11,1,3
21141,NA,"Logan","Kentucky",3.8,10,1,3
21145,103195.019157088,"McCracken","Kentucky",5.5,22,2,2.5
21151,124052.863436123,"Madison","Kentucky",3.9,27,2,3
21155,NA,"Marion","Kentucky",3.7,9,1,3
21157,135837.931034483,"Marshall","Kentucky",5.3,12,1,3
21161,NA,"Mason","Kentucky",5.4,5,1,3
21171,NA,"Monroe","Kentucky",3.9,7,1,2
21173,99755.1351351351,"Montgomery","Kentucky",5.9,13,1,3
21179,NA,"Nelson","Kentucky",4.3,19,1,4
21183,NA,"Ohio","Kentucky",5.7,11,1,3
21185,221177.011494253,"Oldham","Kentucky",3.3,23,2,3
21193,NA,"Perry","Kentucky",6.3,17,1,2
21195,NA,"Pike","Kentucky",6,26,2,2.5
21199,NA,"Pulaski","Kentucky",5,19,1,2
21207,NA,"Russell","Kentucky",5.8,6,1,2
21209,145013.026819923,"Scott","Kentucky",3.3,15,1,3
21213,NA,"Simpson","Kentucky",3.9,6,1,4
21217,85377.7777777778,"Taylor","Kentucky",4.3,8,1,3
21227,121464.750957854,"Warren","Kentucky",3.6,43,4,3.5
22001,108304.255319149,"Acadia","Louisiana",5.4,27,6,2
22003,NA,"Allen","Louisiana",5.5,12,2,3
22009,85566.4335664336,"Avoyelles","Louisiana",5.7,12,3,3
22011,96640.7185628742,"Beauregard","Louisiana",5.3,12,2,3
22017,95864.0776699029,"Caddo","Louisiana",5.4,72,14,2
22019,112495.402298851,"Calcasieu","Louisiana",3.7,62,11,3.33333333333333
22021,74499.3006993007,"Caldwell","Louisiana",5.7,6,2,3.25
22027,84163.6363636364,"Claiborne","Louisiana",5.2,7,1,4
22031,104538.461538462,"De Soto","Louisiana",5.7,9,1,3
22033,123388.085106383,"East Baton Rouge","Louisiana",4.3,128,23,2.5
22039,NA,"Evangeline","Louisiana",5.6,12,2,4
22041,70198.6013986014,"Franklin","Louisiana",7.1,6,1,2
22051,145884.431137725,"Jefferson","Louisiana",4.3,86,17,3.33333333333333
22053,NA,"Jefferson Davis","Louisiana",4.6,13,4,3
22055,NA,"Lafayette","Louisiana",4.5,45,17,2.33333333333333
22057,149007.662835249,"Lafourche","Louisiana",4.8,32,3,4
22059,NA,"La Salle","Louisiana",4.5,9,2,3
22061,130574.476987448,"Lincoln","Louisiana",5.2,17,5,2
22067,NA,"Morehouse","Louisiana",8,11,3,2
22069,121559.2,"Natchitoches","Louisiana",5.9,17,2,4
22071,149777.528089888,"Orleans","Louisiana",4.9,91,15,2.33333333333333
22073,NA,"Ouachita","Louisiana",5.1,59,11,2.5
22077,NA,"Pointe Coupee","Louisiana",5.3,6,1,3
22079,89681.6091954023,"Rapides","Louisiana",5.2,55,13,3.5
22083,79613.0841121495,"Richland","Louisiana",6.2,13,2,3
22085,NA,"Sabine","Louisiana",5.2,11,1,3
22097,84500.7662835249,"Saint Landry","Louisiana",6.2,36,6,3
22101,NA,"Saint Mary","Louisiana",6.7,25,2,3
22103,167087.5,"Saint Tammany","Louisiana",4.1,56,15,3.33333333333333
22109,116577.777777778,"Terrebonne","Louisiana",5,34,5,3
22111,112579.661016949,"Union","Louisiana",5.6,8,3,3
22113,NA,"Vermilion","Louisiana",5.2,22,2,3
22115,112287.412587413,"Vernon","Louisiana",6.4,19,4,3
22117,84557.8947368421,"Washington","Louisiana",5.7,16,4,4
22119,103159.574468085,"Webster","Louisiana",6.1,16,2,4
22123,79925.974025974,"West Carroll","Louisiana",9,5,1,3
22127,77609.9616858238,"Winn","Louisiana",6.1,8,3,3
23001,116588.505747126,"Androscoggin","Maine",3.1,36,2,3
23003,NA,"Aroostook","Maine",4.5,50,6,3.5
23005,199767.432950192,"Cumberland","Maine",2.5,98,8,3.42857142857143
23007,NA,"Franklin","Maine",3.8,17,1,3
23009,NA,"Hancock","Maine",3.5,34,4,4
23011,115158.620689655,"Kennebec","Maine",3,53,8,4
23013,212802.312138728,"Knox","Maine",3,24,1,3
23017,130024.223602484,"Oxford","Maine",3.7,32,2,3
23019,121331.460674157,"Penobscot","Maine",3.6,76,6,3
23021,NA,"Piscataquis","Maine",3.9,8,2,3
23027,NA,"Waldo","Maine",3.3,26,1,3
23029,NA,"Washington","Maine",4.6,38,2,3.5
23031,221408.045977011,"York","Maine",2.8,61,5,3.5
24031,347851.724137931,"Montgomery","Maryland",3.3,208,8,1.5
24510,91968.5823754789,"Baltimore City","Maryland",5.9,190,18,2.25
25001,306211.877394636,"Barnstable","Massachusetts",4.4,55,4,3.5
25003,172992.337164751,"Berkshire","Massachusetts",4.1,47,4,4.5
25005,233100.383141762,"Bristol","Massachusetts",4.4,148,10,3.5
25009,301534.482758621,"Essex","Massachusetts",3.5,232,16,2.5
25011,167926.819923372,"Franklin","Massachusetts",3.1,40,1,3
25013,158308.812260536,"Hampden","Massachusetts",4.7,161,10,3
25015,207024.521072797,"Hampshire","Massachusetts",3.1,50,4,4
25017,349330.268199234,"Middlesex","Massachusetts",2.8,384,24,3.16666666666667
25021,334959.003831418,"Norfolk","Massachusetts",3.1,193,14,2.75
25023,275750.191570881,"Plymouth","Massachusetts",3.6,139,8,2.75
25025,310737.54789272,"Suffolk","Massachusetts",3.1,173,24,3.5
25027,212152.490421456,"Worcester","Massachusetts",3.6,256,15,3
26005,127090.421455939,"Allegan","Michigan",3.5,54,2,4
26007,NA,"Alpena","Michigan",5.3,11,1,4
26011,NA,"Arenac","Michigan",7.4,10,1,4
26013,NA,"Baraga","Michigan",6.6,6,1,2
26017,85633.7164750958,"Bay","Michigan",5,39,3,3
26021,122226.589595376,"Berrien","Michigan",4.5,81,4,3
26023,98849.1525423729,"Branch","Michigan",3.9,18,1,4
26025,88654.4061302682,"Calhoun","Michigan",4.4,57,5,4
26027,NA,"Cass","Michigan",4.2,21,1,4
26029,NA,"Charlevoix","Michigan",5,15,1,3
26033,NA,"Chippewa","Michigan",6.9,21,1,4
26035,NA,"Clare","Michigan",6.2,15,1,3
26037,146832.183908046,"Clinton","Michigan",3.3,31,1,4
26041,79147.1698113208,"Delta","Michigan",5.6,18,1,3.5
26043,NA,"Dickinson","Michigan",4,13,2,4
26045,122016.475095785,"Eaton","Michigan",3.6,46,2,3
26047,169933.469387755,"Emmet","Michigan",6.2,17,1,5
26049,92921.875,"Genesee","Michigan",5.1,149,4,1.66666666666667
26051,83281.2244897959,"Gladwin","Michigan",5.9,8,1,4
26053,NA,"Gogebic","Michigan",5.3,8,1,3
26055,152595.785440613,"Grand Traverse","Michigan",3.8,33,1,4
26057,74107.7551020408,"Gratiot","Michigan",4.9,24,1,3
26061,NA,"Houghton","Michigan",5.3,20,2,3
26063,NA,"Huron","Michigan",4.9,26,3,4
26065,114438.247011952,"Ingham","Michigan",3.8,102,6,2.5
26067,107151.724137931,"Ionia","Michigan",3.6,29,2,3
26069,71411.8644067797,"Iosco","Michigan",6.7,9,1,4
26073,NA,"Isabella","Michigan",4.1,23,1,4
26075,101800,"Jackson","Michigan",4.2,60,2,4
26077,126205.586592179,"Kalamazoo","Michigan",3.6,86,2,3
26081,129010.727969349,"Kent","Michigan",3.1,234,8,3.66666666666667
26087,138967.512690355,"Lapeer","Michigan",5.1,29,1,3
26091,111239.463601533,"Lenawee","Michigan",4.2,48,2,3
26093,196293.103448276,"Livingston","Michigan",3.3,46,2,4
26097,NA,"Mackinac","Michigan",10.7,9,1,3
26099,136660.153256705,"Macomb","Michigan",4,243,7,2
26103,107138.645418327,"Marquette","Michigan",5.1,25,2,3
26105,NA,"Mason","Michigan",5,14,1,4
26107,103261.752988048,"Mecosta","Michigan",5.1,17,1,3
26111,118480.459770115,"Midland","Michigan",4.2,26,1,4
26115,131202.298850575,"Monroe","Michigan",4.3,52,1,3
26117,83027.0916334661,"Montcalm","Michigan",4.4,31,4,3
26121,88624.5210727969,"Muskegon","Michigan",4.8,73,3,4
26123,86486.4516129032,"Newaygo","Michigan",4.5,24,1,4
26125,179289.272030651,"Oakland","Michigan",3.3,360,17,2.8
26129,NA,"Ogemaw","Michigan",7.3,7,1,4
26137,110391.428571429,"Otsego","Michigan",5.5,9,1,4
26139,149332.950191571,"Ottawa","Michigan",2.9,93,3,4.5
26145,76426.4367816092,"Saginaw","Michigan",5,79,8,2.75
26147,124095.019157088,"Saint Clair","Michigan",4.7,59,3,2.66666666666667
26149,91934.309623431,"Saint Joseph","Michigan",3.8,34,2,3.5
26151,NA,"Sanilac","Michigan",5.4,20,3,4
26153,NA,"Schoolcraft","Michigan",7.6,3,2,4
26155,103962.835249042,"Shiawassee","Michigan",4.5,33,1,2
26157,73838.4615384615,"Tuscola","Michigan",5.8,29,2,4
26159,104858.167330677,"Van Buren","Michigan",5.1,46,2,4
26161,198259.38697318,"Washtenaw","Michigan",3.2,98,7,3.33333333333333
26163,80080.3846153846,"Wayne","Michigan",5.2,590,28,1.77777777777778
27001,154676.595744681,"Aitkin","Minnesota",5.7,10,1,4
27003,175778.927203065,"Anoka","Minnesota",2.8,112,2,3.75
27007,140153.403141361,"Beltrami","Minnesota",4.2,37,2,3
27015,NA,"Brown","Minnesota",3.5,13,3,4
27017,153219.540229885,"Carlton","Minnesota",4.1,24,2,3.71428571428571
27019,234788.888888889,"Carver","Minnesota",2.5,39,1,4
27025,173526.436781609,"Chisago","Minnesota",3.4,21,1,4
27035,NA,"Crow Wing","Minnesota",3.8,22,2,3
27037,204452.490421456,"Dakota","Minnesota",2.5,135,3,4
27041,164246.443514644,"Douglas","Minnesota",2.8,17,1,3
27043,82731.4685314685,"Faribault","Minnesota",3.5,14,1,3
27049,143799.616858238,"Goodhue","Minnesota",2.8,30,4,4
27053,196116.858237548,"Hennepin","Minnesota",2.5,475,12,3.75
27059,145214.559386973,"Isanti","Minnesota",3.8,20,1,4
27065,133284.937238494,"Kanabec","Minnesota",5.4,7,1,4
27067,135698.850574713,"Kandiyohi","Minnesota",3,20,1,4
27095,149692.452830189,"Mille Lacs","Minnesota",4.8,21,1,3
27097,135876.62835249,"Morrison","Minnesota",4.7,23,1,3
27109,155167.432950192,"Olmsted","Minnesota",2.4,66,3,3
27111,208880.076628352,"Otter Tail","Minnesota",3.6,33,2,4
27115,133879.425837321,"Pine","Minnesota",4.8,14,3,3
27119,NA,"Polk","Minnesota",3.7,21,2,3
27121,NA,"Pope","Minnesota",2.7,9,1,4
27123,170966.283524904,"Ramsey","Minnesota",2.7,252,6,3.4
27127,NA,"Redwood","Minnesota",3.8,14,1,4
27131,168276.018099548,"Rice","Minnesota",2.8,31,1,4
27133,NA,"Rock","Minnesota",2.3,8,1,4
27137,117277.528089888,"Saint Louis","Minnesota",3.7,89,8,3.5
27145,140058.620689655,"Stearns","Minnesota",3,63,5,4
27147,132565.134099617,"Steele","Minnesota",3.1,20,1,3
27153,100680.076628352,"Todd","Minnesota",3.9,11,2,4
27159,80922.5941422594,"Wadena","Minnesota",5.5,10,1,3
27163,215673.563218391,"Washington","Minnesota",2.5,94,2,4
27169,123520.689655172,"Winona","Minnesota",2.6,19,1,3
27171,177494.252873563,"Wright","Minnesota",3,62,2,4
28001,108582.978723404,"Adams","Mississippi",6.1,12,2,2
28003,80608.4291187739,"Alcorn","Mississippi",4.1,15,1,2
28007,NA,"Attala","Mississippi",5.8,11,1,3
28011,92167.816091954,"Bolivar","Mississippi",6,36,1,2
28035,95951.3409961686,"Forrest","Mississippi",4.3,21,2,2
28041,NA,"Greene","Mississippi",6.1,6,1,3
28045,125947.872340426,"Hancock","Mississippi",4.8,11,1,3
28047,NA,"Harrison","Mississippi",4.5,53,6,2.33333333333333
28049,NA,"Hinds","Mississippi",4.5,88,9,2
28059,112491.489361702,"Jackson","Mississippi",5.4,46,2,2
28073,137603.831417625,"Lamar","Mississippi",3.6,18,2,3
28075,NA,"Lauderdale","Mississippi",5,26,7,2
28083,54340.4255319149,"Leflore","Mississippi",6.8,15,2,2
28089,181784,"Madison","Mississippi",3.6,31,2,3
28091,86745.5938697318,"Marion","Mississippi",5.1,10,1,3.33333333333333
28093,70954.7892720307,"Marshall","Mississippi",4.7,16,1,3
28095,NA,"Monroe","Mississippi",4.9,14,2,3
28099,85960.5363984674,"Neshoba","Mississippi",4.7,11,2,3
28105,161918.085106383,"Oktibbeha","Mississippi",4.6,11,1,3
28113,118052.490421456,"Pike","Mississippi",5.6,16,2,3
28121,NA,"Rankin","Mississippi",3.3,35,7,2.5
28127,NA,"Simpson","Mississippi",4.4,9,2,3
28137,113359.38697318,"Tate","Mississippi",4.7,10,1,3
28149,100213.026819923,"Warren","Mississippi",5.3,16,2,2
28151,NA,"Washington","Mississippi",7,25,3,2
28153,80029.3193717277,"Wayne","Mississippi",5.3,8,1,3
28161,85954.2553191489,"Yalobusha","Mississippi",4.9,4,1,4
28163,67726.4367816092,"Yazoo","Mississippi",5.4,10,1,2
29001,NA,"Adair","Missouri",3.7,9,1,4
29011,NA,"Barton","Missouri",3.3,10,1,4
29013,NA,"Bates","Missouri",3.8,14,1,3
29019,129419.923371648,"Boone","Missouri",2.4,52,6,3
29023,NA,"Butler","Missouri",4.8,19,5,2.5
29029,165319.14893617,"Camden","Missouri",4.4,16,2,3
29031,137319.78021978,"Cape Girardeau","Missouri",2.8,27,3,2.75
29033,NA,"Carroll","Missouri",3.3,13,1,3
29037,151532.567049808,"Cass","Missouri",3.1,45,2,3
29047,136902.448979592,"Clay","Missouri",3,74,6,3.5
29049,NA,"Clinton","Missouri",3.2,12,1,2
29051,130204.597701149,"Cole","Missouri",2.6,27,3,3.5
29053,NA,"Cooper","Missouri",3.3,16,1,3
29069,NA,"Dunklin","Missouri",5.8,21,1,2
29071,97859.3869731801,"Franklin","Missouri",3.2,43,1,4
29077,108611.494252874,"Greene","Missouri",2.6,92,9,3
29079,NA,"Grundy","Missouri",3.7,7,1,4
29083,NA,"Henry","Missouri",3.8,14,2,4
29091,125652.873563218,"Howell","Missouri",3.9,15,2,3
29095,104930.097087379,"Jackson","Missouri",3.8,232,19,3.33333333333333
29097,80581.6091954023,"Jasper","Missouri",2.8,51,2,3.5
29099,129983.524904215,"Jefferson","Missouri",3.2,66,1,3
29101,143054.716981132,"Johnson","Missouri",3.8,26,1,3
29105,110366.283524904,"Laclede","Missouri",3.9,13,1,3
29107,NA,"Lafayette","Missouri",3.3,19,1,3
29113,142478.443113772,"Lincoln","Missouri",3.4,20,1,3
29117,86675.7894736842,"Livingston","Missouri",2.7,11,2,4
29127,NA,"Marion","Missouri",3.3,14,1,3
29145,98870.2127659574,"Newton","Missouri",3.1,22,5,3
29157,97388.6597938144,"Perry","Missouri",2.5,6,1,4
29159,NA,"Pettis","Missouri",4.3,20,1,2
29161,118421.538461538,"Phelps","Missouri",3.3,15,1,3
29163,NA,"Pike","Missouri",3.8,12,1,3
29167,126341.747572816,"Polk","Missouri",3.8,18,1,3
29175,77355.0898203593,"Randolph","Missouri",4.1,15,1,2
29186,NA,"Sainte Genevieve","Missouri",3,4,1,3
29189,145947.126436782,"Saint Louis","Missouri",3.1,269,22,2.75
29195,NA,"Saline","Missouri",3.3,18,2,3
29201,91678.7234042553,"Scott","Missouri",3.6,23,1,3
29207,87250,"Stoddard","Missouri",4.7,21,1,3
29213,NA,"Taney","Missouri",5.5,21,1,4
29215,NA,"Texas","Missouri",4.3,16,1,3
29217,NA,"Vernon","Missouri",3.3,14,2,3
30001,NA,"Beaverhead","Montana",3.2,12,1,4
30017,149018.085106383,"Custer","Montana",3.2,16,1,3
30023,NA,"Deer Lodge","Montana",3.6,4,2,3
30027,164838.29787234,"Fergus","Montana",3.9,24,1,4
30029,NA,"Flathead","Montana",4.9,46,3,3.33333333333333
30041,162570.212765957,"Hill","Montana",3.5,19,1,2
30047,NA,"Lake","Montana",4.2,22,2,3
30053,120832.978723404,"Lincoln","Montana",7.7,14,1,3
30063,194167.5,"Missoula","Montana",3.4,41,2,4
30067,182944.061302682,"Park","Montana",3.9,16,2,3
30093,108601.063829787,"Silver Bow","Montana",4.1,12,2,3
30105,163322.340425532,"Valley","Montana",3.2,17,1,3
31011,93678.3216783217,"Boone","Nebraska",2.3,10,1,4
31019,NA,"Buffalo","Nebraska",2.4,27,3,3
31031,NA,"Cherry","Nebraska",2.2,13,1,3
31033,NA,"Cheyenne","Nebraska",2.8,12,2,3
31047,NA,"Dawson","Nebraska",2.8,19,3,3
31055,123922.222222222,"Douglas","Nebraska",3.1,194,18,3.66666666666667
31067,83876.245210728,"Gage","Nebraska",3.2,13,2,4
31081,NA,"Hamilton","Nebraska",2.5,9,1,3.25
31089,NA,"Holt","Nebraska",2.6,14,2,3
31101,NA,"Keith","Nebraska",3,8,1,3
31109,124354.022988506,"Lancaster","Nebraska",2.6,87,8,4.33333333333333
31111,103822.988505747,"Lincoln","Nebraska",3,23,1,3
31119,105253.639846743,"Madison","Nebraska",2.5,23,3,4
31131,119513.483146067,"Otoe","Nebraska",2.9,9,3,3.5
31141,NA,"Platte","Nebraska",2.7,15,1,3.66666666666667
31145,NA,"Red Willow","Nebraska",2.3,8,1,3.5
31151,NA,"Saline","Nebraska",3,9,2,3
31153,140885.823754789,"Sarpy","Nebraska",2.6,64,3,3
31157,112500,"Scotts Bluff","Nebraska",3.2,27,1,3
31159,117319.157088123,"Seward","Nebraska",2.6,7,1,3.25
32003,180542.528735632,"Clark","Nevada",4.8,396,43,2.2
32005,277684.674329502,"Douglas","Nevada",4.3,14,2,3
32007,181273.946360153,"Elko","Nevada",3.3,37,2,3
32013,169270.114942529,"Humboldt","Nevada",3.5,15,1,3
32023,NA,"Nye","Nevada",5.8,29,2,4
32031,221953.256704981,"Washoe","Nevada",3.7,120,14,2.75
32510,238548.387096774,"Carson City","Nevada",4.7,16,3,3
33001,171377.011494253,"Belknap","New Hampshire",2.6,22,1,3
33003,210645.933014354,"Carroll","New Hampshire",2.6,22,2,3.30769230769231
33005,152462.45210728,"Cheshire","New Hampshire",2.6,36,1,4
33007,105392.95154185,"Coos","New Hampshire",3.3,23,3,3
33009,151873.180076628,"Grafton","New Hampshire",2.1,51,5,3.25
33011,201978.544061303,"Hillsborough","New Hampshire",2.7,115,11,3.11111111111111
33013,181951.724137931,"Merrimack","New Hampshire",2.3,62,4,3.33333333333333
33015,234257.471264368,"Rockingham","New Hampshire",2.8,94,6,3
33017,178459.38697318,"Strafford","New Hampshire",2.3,37,2,4
33019,152971.836734694,"Sullivan","New Hampshire",2.2,26,1,4
34001,181467.432950192,"Atlantic","New Jersey",5.9,83,9,4
34003,373132.183908046,"Bergen","New Jersey",3.5,283,10,2.83333333333333
34005,195624.137931034,"Burlington","New Jersey",3.8,145,9,3
34007,148403.0651341,"Camden","New Jersey",4.6,172,11,4
34011,121950.191570881,"Cumberland","New Jersey",6.5,57,4,2
34013,286636.781609195,"Essex","New Jersey",5.2,257,14,2
34015,174114.176245211,"Gloucester","New Jersey",4.2,86,3,3
34017,274449.425287356,"Hudson","New Jersey",3.9,128,8,1.8
34019,335381.992337165,"Hunterdon","New Jersey",3.3,56,1,3
34021,204894.252873563,"Mercer","New Jersey",3.7,104,12,2.75
34023,256868.582375479,"Middlesex","New Jersey",3.7,203,13,2.5
34025,321504.597701149,"Monmouth","New Jersey",3.7,190,8,3.25
34029,232932.183908046,"Ocean","New Jersey",4.4,117,9,3
34033,136048.659003831,"Salem","New Jersey",5.4,33,2,3
34035,330569.348659004,"Somerset","New Jersey",3.5,76,5,2
34039,277143.67816092,"Union","New Jersey",4.4,173,10,2.33333333333333
35001,156812.260536398,"Bernalillo","New Mexico",4.4,202,17,3.33333333333333
35005,NA,"Chaves","New Mexico",4.8,33,3,2.5
35006,131728.735632184,"Cibola","New Mexico",6.3,18,2,3
35013,127921.83908046,"Dona Ana","New Mexico",5.7,76,6,2.71428571428571
35015,137978.927203065,"Eddy","New Mexico",3.4,27,2,3
35017,130716.058394161,"Grant","New Mexico",4.9,16,1,4
35025,NA,"Lea","New Mexico",4.2,38,2,2
35027,219781.609195402,"Lincoln","New Mexico",4.5,15,1,3
35028,244965.957446809,"Los Alamos","New Mexico",3.2,7,1,3
35029,NA,"Luna","New Mexico",11.9,11,1,2
35031,153562.835249042,"McKinley","New Mexico",7,54,4,2
35035,NA,"Otero","New Mexico",4.8,24,2,2
35039,158378.723404255,"Rio Arriba","New Mexico",5.1,31,1,4
35041,NA,"Roosevelt","New Mexico",4.3,13,1,3
35043,188021.83908046,"Sandoval","New Mexico",4.9,47,2,3
35045,184402.298850575,"San Juan","New Mexico",5.3,62,3,2
35049,250131.417624521,"Santa Fe","New Mexico",4.1,54,3,2
35055,NA,"Taos","New Mexico",6.4,25,1,1.5
36001,165450.191570881,"Albany","New York",3.8,74,7,2
36003,52817.2413793103,"Allegany","New York",5.9,19,2,2
36005,NA,"Bronx","New York",5.6,443,15,2.33333333333333
36009,64808.4291187739,"Cattaraugus","New York",5.6,30,2,3
36013,NA,"Chautauqua","New York",5.3,51,5,2
36015,73655.5555555556,"Chemung","New York",4.9,26,3,3.25
36021,168512.260536398,"Columbia","New York",3.5,19,1,2
36025,94400.3831417624,"Delaware","New York",5.1,23,4,2
36027,231071.647509579,"Dutchess","New York",3.8,77,4,2.5
36029,109717.24137931,"Erie","New York",4.5,218,16,3.125
36031,151976.404494382,"Essex","New York",5.1,16,3,3
36033,70126.6932270916,"Franklin","New York",5.3,22,2,3.5
36035,88570.4980842912,"Fulton","New York",5.3,21,1,3
36043,74503.0651340996,"Herkimer","New York",5.1,25,1,4
36045,97902.6819923372,"Jefferson","New York",5.8,39,3,2
36047,404818.390804598,"Kings","New York",4.2,589,18,1.375
36049,NA,"Lewis","New York",5.8,14,1,3
36051,102561.685823755,"Livingston","New York",4.5,22,1,3
36053,97522.6053639847,"Madison","New York",5,26,2,3.5
36055,114760.536398467,"Monroe","New York",4.4,184,8,2.75
36059,380867.816091954,"Nassau","New York",3.7,315,13,2
36061,833242.857142857,"New York","New York",3.6,377,29,2.625
36063,93033.3333333333,"Niagara","New York",5.4,52,5,2
36067,105786.206896552,"Onondaga","New York",4.2,124,7,2.5
36069,119145.210727969,"Ontario","New York",4.1,30,4,3
36071,208713.793103448,"Orange","New York",4.1,85,7,3
36073,76257.4712643678,"Orleans","New York",5.1,13,1,2
36075,77631.8007662835,"Oswego","New York",5.7,41,2,3
36077,96133.3333333333,"Otsego","New York",4.6,21,2,2
36079,293376.245210728,"Putnam","New York",3.8,21,1,3
36081,354133.716475096,"Queens","New York",3.5,368,12,1.2
36083,138966.666666667,"Rensselaer","New York",4,45,3,3.25
36087,348971.647509579,"Rockland","New York",3.9,67,4,2
36089,62067.4329501916,"Saint Lawrence","New York",5.9,41,5,2.66666666666667
36091,191499.616858238,"Saratoga","New York",3.6,51,3,3
36093,130215.325670498,"Schenectady","New York",4.2,42,4,2
36095,95064.7509578544,"Schoharie","New York",5,12,1,4
36101,71883.1417624521,"Steuben","New York",5.1,38,6,4
36103,332647.881355932,"Suffolk","New York",4,350,14,2
36105,121092.720306513,"Sullivan","New York",4.2,19,2,2
36111,173655.938697318,"Ulster","New York",4.1,46,3,3
36113,158114.942528736,"Warren","New York",4.8,20,1,4
36117,95286.9731800766,"Wayne","New York",4.3,38,1,2
36119,470585.440613027,"Westchester","New York",4.1,254,18,2.16666666666667
36121,79212.6436781609,"Wyoming","New York",4.9,15,1,3
37001,118867.049808429,"Alamance","North Carolina",3.7,39,1,3
37013,NA,"Beaufort","North Carolina",4.6,15,3,3
37019,187747.892720307,"Brunswick","North Carolina",5.2,21,3,3
37025,134581.992337165,"Cabarrus","North Carolina",3.5,48,2,3
37027,71737.9310344828,"Caldwell","North Carolina",3.8,26,1,2
37031,NA,"Carteret","North Carolina",4.3,19,1,3
37035,94335.2490421456,"Catawba","North Carolina",3.5,44,2,3
37041,NA,"Chowan","North Carolina",4.5,4,1,4
37045,88184.4621513944,"Cleveland","North Carolina",4,30,4,4
37047,NA,"Columbus","North Carolina",5.1,26,1,2
37051,103108.812260536,"Cumberland","North Carolina",5.1,97,4,3
37057,106871.91011236,"Davidson","North Carolina",3.7,46,2,2
37063,149488.122605364,"Durham","North Carolina",3.5,67,6,3.5
37067,121777.394636015,"Forsyth","North Carolina",3.8,86,6,3
37071,99761.6858237548,"Gaston","North Carolina",3.8,58,2,4
37087,102185.440613027,"Haywood","North Carolina",3.4,16,1,3
37097,123310.756972112,"Iredell","North Carolina",3.5,48,3,2.5
37099,183391.570881226,"Jackson","North Carolina",4.2,10,1,2
37105,105507.279693487,"Lee","North Carolina",4.3,16,1,2
37113,115331.979695431,"Macon","North Carolina",4,11,2,3
37117,NA,"Martin","North Carolina",5,12,1,2
37119,152306.896551724,"Mecklenburg","North Carolina",3.7,192,13,3.5
37121,NA,"Mitchell","North Carolina",4.6,6,1,4
37127,115583.908045977,"Nash","North Carolina",5.2,26,2,2
37129,167503.448275862,"New Hanover","North Carolina",3.8,46,2,3
37133,118694.636015326,"Onslow","North Carolina",4.5,36,3,3
37139,NA,"Pasquotank","North Carolina",4.7,12,1,3
37145,118443.67816092,"Person","North Carolina",4.1,12,1,3
37147,112996.629213483,"Pitt","North Carolina",4.3,36,1,2
37151,110469.662921348,"Randolph","North Carolina",3.7,39,1,4
37155,63525.2873563218,"Robeson","North Carolina",5.9,44,1,3
37157,81421.4559386973,"Rockingham","North Carolina",4.5,26,2,3
37159,118578.544061303,"Rowan","North Carolina",3.9,36,2,3
37163,NA,"Sampson","North Carolina",4,23,1,3
37167,109835.249042146,"Stanly","North Carolina",3.6,22,1,3
37171,117460.153256705,"Surry","North Carolina",3.6,27,2,3
37179,164442.528735632,"Union","North Carolina",3.4,53,1,2
37181,85705.7471264368,"Vance","North Carolina",5.7,19,1,2
37183,189145.210727969,"Wake","North Carolina",3.3,197,8,3.5
37191,77558.6206896552,"Wayne","North Carolina",4.4,33,1,2.66666666666667
37193,NA,"Wilkes","North Carolina",3.7,23,1,2
37195,114075.862068966,"Wilson","North Carolina",6.2,28,1,4
38001,83419.1489361702,"Adams","North Dakota",2,2,1,4
38015,197252.53164557,"Burleigh","North Dakota",2.6,37,2,4
38017,184786.516853933,"Cass","North Dakota",2.3,53,8,3.25
38021,77152.1276595745,"Dickey","North Dakota",1.9,5,1,3
38035,NA,"Grand Forks","North Dakota",2.3,32,5,3
38069,131075.531914894,"Pierce","North Dakota",3.2,5,1,3
38093,161729.203539823,"Stutsman","North Dakota",2.5,18,2,3
38101,192455.752212389,"Ward","North Dakota",3,32,3,1
38105,NA,"Williams","North Dakota",2.1,21,2,3
39001,66800,"Adams","Ohio",7,9,1,3
39003,81815.3256704981,"Allen","Ohio",4.4,35,5,3.5
39007,80785.4406130268,"Ashtabula","Ohio",5.3,32,5,4
39013,68649.4252873563,"Belmont","Ohio",5.5,23,4,3.5
39017,135281.609195402,"Butler","Ohio",4.1,84,8,3.66666666666667
39021,101206.513409962,"Champaign","Ohio",3.8,18,1,3
39023,90643.6781609195,"Clark","Ohio",4.5,51,5,2.77777777777778
39025,138992.337164751,"Clermont","Ohio",4,49,1,4
39027,NA,"Clinton","Ohio",5.2,17,1,3
39029,75465.5172413793,"Columbiana","Ohio",5.2,40,2,3
39033,71395.4022988506,"Crawford","Ohio",5.2,18,2,3
39035,112496.9348659,"Cuyahoga","Ohio",5.2,381,29,3.85714285714286
39037,107095.402298851,"Darke","Ohio",3.9,20,1,3
39039,89161.6858237548,"Defiance","Ohio",4.4,14,3,3.8
39041,224737.54789272,"Delaware","Ohio",3.3,55,3,2.66666666666667
39043,114434.099616858,"Erie","Ohio",5.6,26,2,4
39045,143122.988505747,"Fairfield","Ohio",4,47,2,2
39047,90083.908045977,"Fayette","Ohio",4.1,7,1,3
39049,124913.793103448,"Franklin","Ohio",3.7,381,24,2.625
39051,112266.666666667,"Fulton","Ohio",4.4,21,1,3
39053,NA,"Gallia","Ohio",6.1,14,1,2
39055,198925.670498084,"Geauga","Ohio",4.3,25,2,4
39057,142946.107784431,"Greene","Ohio",4,37,3,3
39059,77336.0153256705,"Guernsey","Ohio",5.5,15,2,3
39061,118553.639846743,"Hamilton","Ohio",4.1,209,24,3.07692307692308
39063,112087.356321839,"Hancock","Ohio",3.4,35,1,4
39065,87647.8927203065,"Hardin","Ohio",4.3,16,1,4
39069,97681.2260536399,"Henry","Ohio",4.9,14,1,4
39071,82214.9425287356,"Highland","Ohio",5.5,18,2,2
39073,101357.959183673,"Hocking","Ohio",4.9,8,1,3
39075,NA,"Holmes","Ohio",3.2,17,1,4
39077,NA,"Huron","Ohio",5.9,23,2,4
39079,NA,"Jackson","Ohio",6.5,12,1,3
39083,105622.222222222,"Knox","Ohio",4.3,20,1,3
39089,184389.361702128,"Licking","Ohio",3.9,56,4,3
39091,98908.4291187739,"Logan","Ohio",3.7,14,1,3
39093,121642.911877395,"Lorain","Ohio",5.4,94,8,4.25
39095,89199.6168582376,"Lucas","Ohio",5.2,147,14,3.375
39097,120330.651340996,"Madison","Ohio",3.7,17,1,3
39099,74848.6590038314,"Mahoning","Ohio",5.9,74,10,3
39101,74185.8407079646,"Marion","Ohio",4.5,27,1,3.33333333333333
39103,159304.214559387,"Medina","Ohio",4.3,43,3,4
39107,120409.195402299,"Mercer","Ohio",2.7,22,1,4
39109,116060.153256705,"Miami","Ohio",3.8,40,1,3
39113,92417.2413793103,"Montgomery","Ohio",4.4,164,17,3.09090909090909
39117,102062.835249042,"Morrow","Ohio",4.4,15,1,4
39119,88960.5363984674,"Muskingum","Ohio",5.3,31,3,2.75
39123,124045.593869732,"Ottawa","Ohio",6.3,16,1,4
39125,NA,"Paulding","Ohio",4.1,10,1,3
39129,127814.559386973,"Pickaway","Ohio",4.2,21,1,3
39139,87852.8735632184,"Richland","Ohio",4.8,48,4,3
39141,90354.4061302682,"Ross","Ohio",4.5,27,2,3
39143,96534.8659003831,"Sandusky","Ohio",4.5,25,3,3.30769230769231
39145,65487.3563218391,"Scioto","Ohio",6.7,33,2,4
39147,87279.7752808989,"Seneca","Ohio",4.4,24,4,3.5
39149,109625.287356322,"Shelby","Ohio",3.7,21,1,3
39151,NA,"Stark","Ohio",4.9,110,8,2.85714285714286
39153,114491.187739464,"Summit","Ohio",4.6,161,12,3
39155,78316.8582375479,"Trumbull","Ohio",6.2,72,5,4
39157,90973.5632183908,"Tuscarawas","Ohio",4.5,43,3,3
39161,84009.1633466135,"Van Wert","Ohio",3.5,13,2,3
39165,169186.590038314,"Warren","Ohio",3.8,45,4,4
39167,91381.9923371647,"Washington","Ohio",5.5,24,2,2.5
39169,118701.915708812,"Wayne","Ohio",3.6,43,2,3
39173,120594.252873563,"Wood","Ohio",4,43,1,3
39175,NA,"Wyandot","Ohio",3.2,9,1,3
40001,NA,"Adair","Oklahoma",4.4,18,1,3.25
40009,75086.3354037267,"Beckham","Oklahoma",2.8,15,2,3
40013,74957.4712643678,"Bryan","Oklahoma",3.3,23,1,3
40015,NA,"Caddo","Oklahoma",3.7,32,2,3
40019,66309.5785440613,"Carter","Oklahoma",3.7,28,2,3
40021,74363.9846743295,"Cherokee","Oklahoma",4.5,21,2,2
40023,NA,"Choctaw","Oklahoma",5.3,14,2,3
40027,110371.264367816,"Cleveland","Oklahoma",3,70,6,3.5
40031,71844.4444444444,"Comanche","Oklahoma",4.1,54,5,3
40037,86095.5056179775,"Creek","Oklahoma",4,38,3,3
40039,76136.398467433,"Custer","Oklahoma",2.6,15,2,3
40041,120475.135135135,"Delaware","Oklahoma",4,19,1,3
40047,96219.1011235955,"Garfield","Oklahoma",3.2,34,3,4
40051,83970.1149425287,"Grady","Oklahoma",3.2,31,1,2.66666666666667
40061,NA,"Haskell","Oklahoma",5.3,10,1,3
40063,NA,"Hughes","Oklahoma",4.6,12,1,3
40071,NA,"Kay","Oklahoma",5,24,2,3.5
40079,72103.3707865169,"LeFlore","Oklahoma",4.9,38,1,3
40087,112391.891891892,"McClain","Oklahoma",2.9,22,1,4
40089,77385.1063829787,"McCurtain","Oklahoma",5.6,29,1,3
40095,59460.153256705,"Marshall","Oklahoma",4.1,6,1,3
40097,83665.5172413793,"Mayes","Oklahoma",3.6,23,1,4
40101,NA,"Muskogee","Oklahoma",4.3,38,4,2
40103,NA,"Noble","Oklahoma",2.8,10,1,3
40109,94882.7586206897,"Oklahoma","Oklahoma",3.4,230,30,3.2
40111,50665.9003831418,"Okmulgee","Oklahoma",5,24,4,2.5
40115,55484.2911877395,"Ottawa","Oklahoma",3.7,22,2,3
40119,112192.720306513,"Payne","Oklahoma",3.1,28,2,3
40123,66290.4214559387,"Pontotoc","Oklahoma",3.3,23,3,3
40131,111033.707865169,"Rogers","Oklahoma",3.4,34,2,3
40133,52048.3146067416,"Seminole","Oklahoma",5.1,25,1,3
40143,99540.2298850575,"Tulsa","Oklahoma",3.5,173,23,3.2
40145,105496.9348659,"Wagoner","Oklahoma",3.5,21,1,3
40153,96506.7415730337,"Woodward","Oklahoma",2.9,12,2,3
41001,NA,"Baker","Oregon",5.3,12,1,4
41003,222176.62835249,"Benton","Oregon",3.1,27,1,3
41005,256066.283524904,"Clackamas","Oregon",3.6,115,4,3.25
41007,NA,"Clatsop","Oregon",4,14,2,2.66666666666667
41011,134332.183908046,"Coos","Oregon",5.3,27,3,2
41013,156269.387755102,"Crook","Oregon",5.8,9,2,4
41015,NA,"Curry","Oregon",6,7,2,2.5
41019,128790.038314176,"Douglas","Oregon",5.2,48,3,2.25
41027,282851.583710407,"Hood River","Oregon",3.3,8,1,4
41029,190127.586206897,"Jackson","Oregon",4.7,62,3,3.33333333333333
41031,139824.892703863,"Jefferson","Oregon",5.3,12,1,3
41033,170903.448275862,"Josephine","Oregon",5.4,24,1,3
41035,123474.329501916,"Klamath","Oregon",6.2,30,1,3
41037,NA,"Lake","Oregon",5.6,8,1,3
41039,182897.318007663,"Lane","Oregon",4.3,111,6,2.5
41041,177428.735632184,"Lincoln","Oregon",4.7,16,2,3
41043,145302.681992337,"Linn","Oregon",4.6,46,2,2.5
41047,161927.969348659,"Marion","Oregon",4.2,111,4,3
41051,228725.670498084,"Multnomah","Oregon",3.6,168,12,2.85714285714286
41059,121862.068965517,"Umatilla","Oregon",4.8,37,4,3.25
41061,129034.661354582,"Union","Oregon",5.2,14,1,3
41065,NA,"Wasco","Oregon",4.2,11,1,3
41067,241031.800766284,"Washington","Oregon",3.4,129,5,3.33333333333333
41071,180600.383141762,"Yamhill","Oregon",3.7,34,2,3.5
42001,164662.068965517,"Adams","Pennsylvania",3.2,27,1,4
42003,100747.892720307,"Allegheny","Pennsylvania",4.1,297,32,2.81818181818182
42005,80113.4693877551,"Armstrong","Pennsylvania",5,21,1,4
42007,102416.858237548,"Beaver","Pennsylvania",4.6,54,2,2
42011,141934.099616858,"Berks","Pennsylvania",4.2,99,6,3
42013,83733.7164750958,"Blair","Pennsylvania",4.2,32,5,3
42015,NA,"Bradford","Pennsylvania",4.3,18,4,2.75
42017,250563.218390805,"Bucks","Pennsylvania",3.7,133,10,3.375
42019,161771.365638767,"Butler","Pennsylvania",3.9,44,3,4
42021,67163.2183908046,"Cambria","Pennsylvania",5.2,41,4,4
42025,120375.862068966,"Carbon","Pennsylvania",5.1,21,2,3
42027,165133.333333333,"Centre","Pennsylvania",3.3,34,3,4
42029,266215.708812261,"Chester","Pennsylvania",3.2,109,10,3.25
42031,NA,"Clarion","Pennsylvania",4.7,17,2,2
42033,70495.2,"Clearfield","Pennsylvania",5.1,27,2,3
42035,99340.2298850575,"Clinton","Pennsylvania",5.4,11,2,3
42037,100151.724137931,"Columbia","Pennsylvania",4.8,20,2,3
42039,NA,"Crawford","Pennsylvania",4.7,27,2,2
42041,153224.137931034,"Cumberland","Pennsylvania",3.3,57,5,3.5
42043,130188.122605364,"Dauphin","Pennsylvania",4,71,8,3
42045,171975.478927203,"Delaware","Pennsylvania",4,108,8,2.33333333333333
42047,81669.3486590038,"Elk","Pennsylvania",3.9,10,1,3
42049,98375.0957854406,"Erie","Pennsylvania",4.8,74,9,3.4
42051,NA,"Fayette","Pennsylvania",5.9,47,2,3
42055,123599.616858238,"Franklin","Pennsylvania",3.7,42,3,3.5
42057,NA,"Fulton","Pennsylvania",4.4,8,1,3
42061,95708.1545064378,"Huntingdon","Pennsylvania",5.3,19,1,4
42063,87287.7394636015,"Indiana","Pennsylvania",5,23,1,3
42065,83404.4943820225,"Jefferson","Pennsylvania",4.7,16,2,3.5
42069,106269.731800766,"Lackawanna","Pennsylvania",4.5,50,6,1.5
42071,157132.567049808,"Lancaster","Pennsylvania",3.4,115,5,3.5
42073,84312.389380531,"Lawrence","Pennsylvania",5.2,29,2,3
42077,156542.911877395,"Lehigh","Pennsylvania",4.6,83,10,3
42079,87844.0154440154,"Luzerne","Pennsylvania",5.4,67,8,2.5
42081,109469.731800766,"Lycoming","Pennsylvania",4.9,33,4,4
42083,NA,"McKean","Pennsylvania",4.9,14,2,3.5
42085,97851.677852349,"Mercer","Pennsylvania",4.8,41,5,3
42091,234897.701149425,"Montgomery","Pennsylvania",3.4,164,16,2.2
42093,NA,"Montour","Pennsylvania",3.5,6,4,2
42095,166893.869731801,"Northampton","Pennsylvania",4.4,61,3,2
42097,87617.3410404624,"Northumberland","Pennsylvania",5.2,25,2,3
42101,93100.7662835249,"Philadelphia","Pennsylvania",5.6,308,35,2.92857142857143
42105,NA,"Potter","Pennsylvania",5.4,10,1,3
42107,62066.2835249042,"Schuylkill","Pennsylvania",5.3,38,3,4
42111,81068.9655172414,"Somerset","Pennsylvania",5.2,29,3,3
42115,NA,"Susquehanna","Pennsylvania",4,15,3,3
42119,NA,"Union","Pennsylvania",3.7,10,1,3
42123,NA,"Warren","Pennsylvania",4.5,13,2,3
42125,105213.026819923,"Washington","Pennsylvania",4.4,56,4,2.66666666666667
42127,132474.103585657,"Wayne","Pennsylvania",4.7,11,2,2.66666666666667
42129,98659.0038314176,"Westmoreland","Pennsylvania",4.4,93,6,3.33333333333333
42131,NA,"Wyoming","Pennsylvania",4.4,8,1,4
42133,141408.812260536,"York","Pennsylvania",3.8,109,7,3.33333333333333
44003,179532.183908046,"Kent","Rhode Island",3.7,47,1,3
44005,292978.544061303,"Newport","Rhode Island",3.6,21,2,4
44007,182825.287356322,"Providence","Rhode Island",4.4,189,15,3
44009,273752.873563218,"Washington","Rhode Island",3.6,38,2,3
45001,NA,"Abbeville","South Carolina",4.2,9,1,4
45003,89558.4269662921,"Aiken","South Carolina",3.5,39,1,2
45019,203437.54789272,"Charleston","South Carolina",2.9,85,11,3.66666666666667
45021,67610.7279693487,"Cherokee","South Carolina",4,19,1,2
45023,NA,"Chester","South Carolina",4.9,12,1,3
45029,103426.696832579,"Colleton","South Carolina",4.2,9,1,3
45031,62083.5249042146,"Darlington","South Carolina",4.3,24,2,2
45041,97296.5517241379,"Florence","South Carolina",3.9,45,7,2.5
45043,197113.147410359,"Georgetown","South Carolina",4.7,19,2,4
45045,131446.360153257,"Greenville","South Carolina",3.1,103,12,4.4
45047,NA,"Greenwood","South Carolina",3.9,22,2,3
45049,NA,"Hampton","South Carolina",3.7,10,1,3
45051,142401.53256705,"Horry","South Carolina",4.4,56,5,3.5
45053,NA,"Jasper","South Carolina",3.2,7,1,3
45055,85409.9616858238,"Kershaw","South Carolina",3.7,18,1,4
45057,111943.824701195,"Lancaster","South Carolina",3.9,22,1,2
45063,115242.528735632,"Lexington","South Carolina",3,71,3,3
45067,NA,"Marion","South Carolina",6,11,1,2
45071,NA,"Newberry","South Carolina",3.3,14,1,4
45077,111832.567049808,"Pickens","South Carolina",3.5,27,2,3
45079,117781.992337165,"Richland","South Carolina",3.6,107,16,2
45083,102881.22605364,"Spartanburg","South Carolina",3.3,84,6,3.5
45089,NA,"Williamsburg","South Carolina",5.7,14,1,3
45091,135761.685823755,"York","South Carolina",3.4,63,2,1
46011,NA,"Brookings","South Dakota",2.9,18,1,4
46013,NA,"Brown","South Dakota",2.9,23,3,4
46065,NA,"Hughes","South Dakota",2.7,9,1,4
46081,201466.283524904,"Lawrence","South Dakota",3,14,3,4
46083,NA,"Lincoln","South Dakota",2.4,20,5,5
46103,166814.176245211,"Pennington","South Dakota",3.1,40,6,3
46135,151830.651340996,"Yankton","South Dakota",2.7,11,3,4
47001,88957.0881226054,"Anderson","Tennessee",3.8,28,1,3
47005,64387.3469387755,"Benton","Tennessee",5,8,1,3
47009,112859.38697318,"Blount","Tennessee",3.3,29,2,2
47013,NA,"Campbell","Tennessee",4.8,15,2,3
47015,98086.5900383142,"Cannon","Tennessee",3.2,6,1,3
47017,54380.0766283525,"Carroll","Tennessee",5,15,2,3
47019,84046.3601532567,"Carter","Tennessee",4.2,20,1,4
47031,97994.6360153257,"Coffee","Tennessee",3.5,19,3,3
47035,83496.6292134831,"Cumberland","Tennessee",4.3,12,1,3
47037,143962.835249042,"Davidson","Tennessee",2.7,167,15,3.16666666666667
47039,NA,"Decatur","Tennessee",4.9,4,1,3
47041,91829.2887029289,"Dekalb","Tennessee",4.4,6,1,4
47043,98753.6398467433,"Dickson","Tennessee",3.1,16,1,3
47049,77815.7303370787,"Fentress","Tennessee",4.3,7,1,3
47053,57462.8352490421,"Gibson","Tennessee",4.5,21,3,3.33333333333333
47055,78873.9463601533,"Giles","Tennessee",3.6,8,1,4
47063,87439.4636015326,"Hamblen","Tennessee",3.8,18,2,1
47065,121591.954022989,"Hamilton","Tennessee",3.4,78,13,2.5
47071,55147.1264367816,"Hardin","Tennessee",4.4,7,1,3
47077,73869.7318007663,"Henderson","Tennessee",4.8,11,1,3
47079,74032.183908046,"Henry","Tennessee",4.3,9,1,3
47083,58487.7394636015,"Houston","Tennessee",5.6,5,1,3
47085,78778.4860557769,"Humphreys","Tennessee",4.2,7,1,2
47093,125127.586206897,"Knox","Tennessee",3,93,13,3.5
47097,58677.0114942529,"Lauderdale","Tennessee",6.1,8,1,3
47103,76494.2528735632,"Lincoln","Tennessee",3.2,11,1,2
47111,77154.2857142857,"Macon","Tennessee",3.3,8,1,2
47117,85595.0191570881,"Marshall","Tennessee",3.3,9,1,4
47119,108345.210727969,"Maury","Tennessee",3.3,21,1,4
47123,97861.3026819923,"Monroe","Tennessee",3.7,17,1,3
47133,59003.5856573705,"Overton","Tennessee",3.9,9,1,2
47135,NA,"Perry","Tennessee",4.3,4,1,3
47141,110082.375478927,"Putnam","Tennessee",3.5,21,1,3
47143,94449.8084291188,"Rhea","Tennessee",5.6,8,1,3
47145,104040.229885057,"Roane","Tennessee",4.2,17,2,3
47147,118989.272030651,"Robertson","Tennessee",3.2,20,1,3
47149,133786.973180077,"Rutherford","Tennessee",2.7,61,4,3
47155,143632.950191571,"Sevier","Tennessee",3.5,28,1,3
47157,100731.800766284,"Shelby","Tennessee",4.2,322,23,2
47159,93411.1553784861,"Smith","Tennessee",3.1,9,1,3
47163,100062.068965517,"Sullivan","Tennessee",3.7,43,5,3
47165,139506.130268199,"Sumner","Tennessee",2.8,47,3,2.5
47167,111278.927203065,"Tipton","Tennessee",4.2,14,1,3
47171,75968.5258964143,"Unicoi","Tennessee",5,8,1,3
47177,63263.6015325671,"Warren","Tennessee",4,11,1,3
47179,104990.804597701,"Washington","Tennessee",3.6,29,8,3
47181,NA,"Wayne","Tennessee",4.8,8,1,3
47187,281809.578544061,"Williamson","Tennessee",2.5,48,2,4
48001,NA,"Anderson","Texas",3.1,30,2,3
48005,NA,"Angelina","Texas",4.5,43,4,3
48021,NA,"Bastrop","Texas",3.3,28,14,3
48025,89221.4559386973,"Bee","Texas",5.2,13,1,3
48027,104500.766283525,"Bell","Texas",4.1,121,10,3.5
48029,NA,"Bexar","Texas",3.4,547,47,3.11111111111111
48037,NA,"Bowie","Texas",5,54,6,2
48041,133866.666666667,"Brazos","Texas",2.9,47,6,3
48043,154880.530973451,"Brewster","Texas",3.4,7,1,3
48049,NA,"Brown","Texas",3.7,24,1,2
48053,NA,"Burnet","Texas",2.9,13,2,3
48055,NA,"Caldwell","Texas",3.6,15,2,3
48057,122618.309859155,"Calhoun","Texas",4.5,8,1,2.66666666666667
48061,67944.8275862069,"Cameron","Texas",6.2,182,11,3.5
48063,NA,"Camp","Texas",4.9,5,1,4
48073,NA,"Cherokee","Texas",4.2,25,3,3
48075,82539.846743295,"Childress","Texas",2.6,3,1,4
48085,200489.285714286,"Collin","Texas",3.3,277,28,3.83333333333333
48089,NA,"Colorado","Texas",3.2,13,3,3.66666666666667
48091,182104.214559387,"Comal","Texas",3.3,48,5,4
48097,NA,"Cooke","Texas",3.2,21,2,4
48113,117046.613545817,"Dallas","Texas",3.7,728,58,3.22222222222222
48117,87090.4255319149,"Deaf Smith","Texas",2.9,11,2,3
48121,173666.153846154,"Denton","Texas",3.1,234,19,3.75
48123,NA,"De Witt","Texas",3.3,28,1,4
48133,NA,"Eastland","Texas",3.6,16,1,4
48135,132574.468085106,"Ector","Texas",2.9,47,5,2.5
48139,127208.812260536,"Ellis","Texas",3.3,63,3,3
48141,96236.7816091954,"El Paso","Texas",4.3,279,17,2.33333333333333
48145,69352.8735632184,"Falls","Texas",3.9,17,1,4
48157,NA,"Fort Bend","Texas",4,165,12,3.5
48161,95837.2881355932,"Freestone","Texas",5.8,17,1,3
48165,120193.805309735,"Gaines","Texas",2.6,8,1,3.25
48177,NA,"Gonzales","Texas",3.1,13,1,3.25
48179,NA,"Gray","Texas",4.2,10,1,4
48181,NA,"Grayson","Texas",3.2,61,8,2.5
48183,101336.01532567,"Gregg","Texas",4.2,48,6,4
48187,NA,"Guadalupe","Texas",3.2,40,1,3
48189,NA,"Hale","Texas",4.8,27,2,3
48193,84800,"Hamilton","Texas",3.4,6,1,4
48201,NA,"Harris","Texas",4.4,1125,93,3.35714285714286
48209,154521.072796935,"Hays","Texas",3,53,4,3.5
48213,NA,"Henderson","Texas",3.8,33,1,3
48215,NA,"Hidalgo","Texas",6.6,352,17,4
48217,70761.3545816733,"Hill","Texas",3.6,39,2,3
48219,NA,"Hockley","Texas",3.2,19,1,3
48221,149609.961685824,"Hood","Texas",3.7,18,1,3
48227,95454.2372881356,"Howard","Texas",3.4,14,3,2
48233,NA,"Hutchinson","Texas",5.2,13,2,3
48241,NA,"Jasper","Texas",6.5,17,1,3
48245,NA,"Jefferson","Texas",6.5,88,14,3
48249,NA,"Jim Wells","Texas",5.7,21,1,3
48251,113905.363984674,"Johnson","Texas",3.5,70,1,4
48253,NA,"Jones","Texas",4.8,14,3,3
48255,69362.0689655172,"Karnes","Texas",3,17,1,3
48257,143526.966292135,"Kaufman","Texas",3.5,51,3,3
48265,181668.199233716,"Kerr","Texas",3.3,23,3,3
48273,94589.2720306513,"Kleberg","Texas",5.2,17,1,3
48281,133911.111111111,"Lampasas","Texas",3.6,7,1,4
48285,NA,"Lavaca","Texas",3.2,10,2,4
48293,NA,"Limestone","Texas",4.8,13,2,3
48303,NA,"Lubbock","Texas",3.1,103,10,2.83333333333333
48309,NA,"McLennan","Texas",3.6,128,5,2
48321,141083.908045977,"Matagorda","Texas",6.1,19,2,3
48325,NA,"Medina","Texas",3.5,20,1,4
48329,127389.272030651,"Midland","Texas",2.2,45,5,3
48337,NA,"Montague","Texas",3.2,14,2,3
48339,NA,"Montgomery","Texas",3.8,126,17,2.5
48341,88847.8723404255,"Moore","Texas",2.8,11,1,3.25
48347,NA,"Nacogdoches","Texas",4,34,3,3
48349,NA,"Navarro","Texas",3.8,26,1,2
48353,72200,"Nolan","Texas",3.4,10,1,4
48355,NA,"Nueces","Texas",4.7,127,14,3.5
48363,NA,"Palo Pinto","Texas",3.3,14,1,2
48367,147256.704980843,"Parker","Texas",3.1,41,2,4
48371,92823.4042553192,"Pecos","Texas",3.6,10,2,3
48375,NA,"Potter","Texas",2.9,50,9,3
48397,178959.760956175,"Rockwall","Texas",3.2,24,3,3
48409,NA,"San Patricio","Texas",6.4,33,1,3
48423,NA,"Smith","Texas",3.6,69,10,4
48425,NA,"Somervell","Texas",4.2,5,1,4
48427,73904.9808429119,"Starr","Texas",9.9,29,1,3
48429,NA,"Stephens","Texas",3.8,5,1,3
48439,126063.095238095,"Tarrant","Texas",3.5,564,54,3.2
48441,NA,"Taylor","Texas",3.2,60,6,3.5
48445,69888.122605364,"Terry","Texas",4.2,8,1,3
48449,NA,"Titus","Texas",5,15,1,3
48451,115430.526315789,"Tom Green","Texas",3.2,95,4,3
48453,197451.792828685,"Travis","Texas",2.8,283,28,3.4
48455,86505.3191489362,"Trinity","Texas",5.2,10,1,3
48457,NA,"Tyler","Texas",6.8,14,1,3
48465,111683.524904215,"Val Verde","Texas",4.3,16,1,3
48469,NA,"Victoria","Texas",4,34,6,3.66666666666667
48471,NA,"Walker","Texas",4.3,18,1,2
48479,91116.091954023,"Webb","Texas",3.8,81,6,2.25
48481,110722.222222222,"Wharton","Texas",3.8,18,2,3
48485,NA,"Wichita","Texas",3.5,52,7,3.66666666666667
48491,166872.373540856,"Williamson","Texas",3,162,12,3
48493,148797.701149425,"Wilson","Texas",3.1,31,1,3
48497,NA,"Wise","Texas",3.5,29,3,3
48503,NA,"Young","Texas",3.4,10,2,3
49003,158634.482758621,"Box Elder","Utah",3,25,2,3
49005,NA,"Cache","Utah",2.7,43,2,4
49007,NA,"Carbon","Utah",4.7,11,1,4
49011,191613.793103448,"Davis","Utah",2.9,103,5,3
49013,204358.510638298,"Duchesne","Utah",4.6,15,2,3
49021,173127.203065134,"Iron","Utah",3.6,19,1,3
49035,198992.720306513,"Salt Lake","Utah",3,300,24,3.42857142857143
49041,138198.084291188,"Sevier","Utah",3.6,15,1,4
49045,157608.045977011,"Tooele","Utah",3.5,29,1,3
49049,191292.720306513,"Utah","Utah",2.8,179,10,3.66666666666667
49053,190117.624521073,"Washington","Utah",3.4,53,2,4
49057,151419.540229885,"Weber","Utah",3.5,82,2,3
50003,NA,"Bennington","Vermont",3.2,16,1,4
50005,NA,"Caledonia","Vermont",3.3,13,1,3
50015,212551.136363636,"Lamoille","Vermont",3.6,15,1,3
50017,NA,"Orange","Vermont",2.7,21,1,3
50021,170506.976744186,"Rutland","Vermont",3.2,32,1,4
50023,204012.790697674,"Washington","Vermont",2.7,27,3,4
50025,193347.402597403,"Windham","Vermont",2.9,29,3,4
50027,205416.883116883,"Windsor","Vermont",2.4,35,3,2
51003,246962.835249042,"Albemarle","Virginia",2.6,28,4,3
51005,NA,"Alleghany","Virginia",4,7,1,3
51013,443319.157088123,"Arlington","Virginia",2,39,1,4
51027,NA,"Buchanan","Virginia",5.9,11,1,3
51057,NA,"Essex","Virginia",4,4,1,4
51059,390961.685823755,"Fairfax","Virginia",2.5,221,8,3
51061,267279.310344828,"Fauquier","Virginia",2.6,22,1,2
51067,163481.224489796,"Franklin","Virginia",3.1,16,1,3
51071,NA,"Giles","Virginia",3.4,6,2,4
51073,171025.670498084,"Gloucester","Virginia",2.7,10,1,3
51083,91179.6407185629,"Halifax","Virginia",4.3,12,1,3
51085,200410.344827586,"Hanover","Virginia",2.6,26,2,4
51087,170357.471264368,"Henrico","Virginia",3,84,5,4
51107,372560.153256705,"Loudoun","Virginia",2.5,92,4,3
51121,162485.440613027,"Montgomery","Virginia",3,23,2,3
51131,NA,"Northampton","Virginia",5.8,6,1,4
51153,277159.770114943,"Prince William","Virginia",2.7,96,3,2
51155,NA,"Pulaski","Virginia",3.5,10,1,3
51165,156010.727969349,"Rockingham","Virginia",2.7,22,1,3
51167,NA,"Russell","Virginia",4.5,15,1,3
51173,80872.3076923077,"Smyth","Virginia",4.3,16,3,3
51177,185316.733067729,"Spotsylvania","Virginia",3,35,1,3
51185,80876.6283524904,"Tazewell","Virginia",4.6,16,2,3.5
51191,115866.666666667,"Washington","Virginia",3.4,18,2,3
51197,NA,"Wythe","Virginia",3.9,14,1,3
51199,236055.555555556,"York","Virginia",2.8,19,2,4
51510,NA,"Alexandria City","Virginia",2.3,22,1,3
51540,197406.896551724,"Charlottesville City","Virginia",2.5,13,1,2
51590,58616.4750957854,"Danville City","Virginia",5.4,15,2,1
51620,NA,"Franklin City","Virginia",4.6,3,1,3
51640,NA,"Galax City","Virginia",3.7,4,1,2
51650,132309.578544061,"Hampton City","Virginia",4.1,37,3,3
51670,92654.0229885057,"Hopewell City","Virginia",4.7,8,2,2
51678,NA,"Lexington City","Virginia",4.4,4,1,3
51700,144166.283524904,"Newport News City","Virginia",3.7,50,5,3
51710,142252.107279693,"Norfolk City","Virginia",3.7,58,7,3.33333333333333
51720,NA,"Norton City","Virginia",4.2,2,2,4
51730,NA,"Petersburg City","Virginia",6.1,11,3,2
51740,122350.191570881,"Portsmouth City","Virginia",4.1,26,2,3
51760,121528.735632184,"Richmond City","Virginia",3.6,56,6,3
51775,134959.760956175,"Salem City","Virginia",3,8,2,3
51800,182159.770114943,"Suffolk City","Virginia",3.3,23,3,4
51810,202385.057471264,"Virginia Beach City","Virginia",2.9,92,4,3.5
53003,NA,"Asotin","Washington",4.2,11,1,3
53005,157152.107279693,"Benton","Washington",5.2,60,4,3
53007,193077.394636015,"Chelan","Washington",4.7,39,4,4
53009,187715.325670498,"Clallam","Washington",6.4,32,2,2
53011,210679.310344828,"Clark","Washington",4.9,133,4,3
53021,130287.739463602,"Franklin","Washington",6.1,31,1,3
53027,111972.80334728,"Grays Harbor","Washington",6.7,42,4,2
53029,242067.432950192,"Island","Washington",5.3,26,2,3
53031,237403.448275862,"Jefferson","Washington",5.9,13,1,3
53033,333070.114942529,"King","Washington",3.4,514,32,3
53037,168506.896551724,"Kittitas","Washington",5.2,20,1,3
53039,NA,"Klickitat","Washington",5.7,22,2,4
53041,143007.692307692,"Lewis","Washington",6.3,46,2,3
53043,NA,"Lincoln","Washington",4.9,16,2,4
53047,117247.69874477,"Okanogan","Washington",6.6,33,3,2.66666666666667
53053,211758.237547893,"Pierce","Washington",5.2,276,12,3
53057,240032.584269663,"Skagit","Washington",5.3,50,3,3.5
53061,265800,"Snohomish","Washington",3.8,224,8,3
53063,145546.360153257,"Spokane","Washington",5.3,172,10,3
53065,142507.279693487,"Stevens","Washington",7.2,45,2,4
53067,204631.800766284,"Thurston","Washington",4.8,80,2,3
53075,NA,"Whitman","Washington",4.4,26,2,4
53077,128626.819923372,"Yakima","Washington",6.4,110,4,2.25
54003,154429.197080292,"Berkeley","West Virginia",4.1,35,2,3
54005,53401.7699115044,"Boone","West Virginia",6,17,1,3
54009,NA,"Brooke","West Virginia",6.2,10,2,3
54011,94795.5056179775,"Cabell","West Virginia",4.7,30,6,2.5
54019,NA,"Fayette","West Virginia",6.5,19,2,3
54023,NA,"Grant","West Virginia",5.6,6,1,3
54025,NA,"Greenbrier","West Virginia",5.1,14,1,3
54033,NA,"Harrison","West Virginia",4.6,28,3,3
54035,NA,"Jackson","West Virginia",5.4,13,1,3
54037,179101.526717557,"Jefferson","West Virginia",3.4,16,1,3
54039,69583.5249042146,"Kanawha","West Virginia",5.1,72,8,3.22222222222222
54041,NA,"Lewis","West Virginia",5.9,6,2,3
54045,NA,"Logan","West Virginia",7.1,17,1,3
54051,NA,"Marshall","West Virginia",6,13,1,3
54053,NA,"Mason","West Virginia",6.9,11,1,3
54055,NA,"Mercer","West Virginia",6.2,26,3,2.5
54061,128431.417624521,"Monongalia","West Virginia",4,19,3,2.5
54067,NA,"Nicholas","West Virginia",6.5,16,1,2
54069,NA,"Ohio","West Virginia",4.8,14,4,2
54077,NA,"Preston","West Virginia",5.2,12,2,3
54081,80868.8311688312,"Raleigh","West Virginia",5.3,31,3,2
54083,NA,"Randolph","West Virginia",5.4,18,1,3
54087,NA,"Roane","West Virginia",7.7,6,1,3
54097,NA,"Upshur","West Virginia",5.5,10,1,2.85714285714286
54107,78305.7471264368,"Wood","West Virginia",5.4,30,2,2
55023,NA,"Crawford","Wisconsin",3.6,15,2,4
55025,192159.230769231,"Dane","Wisconsin",2.2,161,9,3
55029,240842.14559387,"Door","Wisconsin",3.5,17,1,4
55039,113078.927203065,"Fond du Lac","Wisconsin",2.6,42,4,4
55043,118958.620689655,"Grant","Wisconsin",2.8,29,4,3
55045,119678.544061303,"Green","Wisconsin",2.4,22,1,4
55067,NA,"Langlade","Wisconsin",3.9,13,1,4
55069,NA,"Lincoln","Wisconsin",3,12,2,3
55073,106170.114942529,"Marathon","Wisconsin",2.6,50,3,3
55079,103633.333333333,"Milwaukee","Wisconsin",3.6,295,22,3.66666666666667
55083,141853.256704981,"Oconto","Wisconsin",3.2,24,2,3
55087,122869.348659004,"Outagamie","Wisconsin",2.7,75,3,3
55089,210629.118773946,"Ozaukee","Wisconsin",2.5,27,3,3.66666666666667
55095,NA,"Polk","Wisconsin",3.5,26,4,4
55097,155574.257425743,"Portage","Wisconsin",2.9,30,1,4
55109,167841.762452107,"Saint Croix","Wisconsin",2.9,29,5,4
55111,148697.318007663,"Sauk","Wisconsin",2.5,33,4,5
55113,214034.482758621,"Sawyer","Wisconsin",4.2,13,1,4
55117,118749.425287356,"Sheboygan","Wisconsin",2.4,50,2,3
55119,NA,"Taylor","Wisconsin",3,10,2,4
55127,147551.340996169,"Walworth","Wisconsin",2.9,42,2,3
55133,225754.273504274,"Waukesha","Wisconsin",2.6,112,9,4
55135,NA,"Waupaca","Wisconsin",2.9,27,1,5
55141,98376.6283524904,"Wood","Wisconsin",3.4,33,3,2
56001,188869.811320755,"Albany","Wyoming",3.2,19,1,4
56005,197409.961685824,"Campbell","Wyoming",4,23,1,2
56009,199644.827586207,"Converse","Wyoming",3.6,15,1,3
56013,192575.862068966,"Fremont","Wyoming",5,32,2,3
56015,148944.680851064,"Goshen","Wyoming",3.2,12,2,3.5
56021,162250.632911392,"Laramie","Wyoming",3.7,42,2,2
56023,NA,"Lincoln","Wyoming",3.7,18,2,3
56025,149943.459915612,"Natrona","Wyoming",4.5,36,6,3
56029,222826.41509434,"Park","Wyoming",4.3,15,2,3.5
56031,157854.166666667,"Platte","Wyoming",3.6,13,1,3
56041,168297.318007663,"Uinta","Wyoming",4.2,17,2,3
56043,176966.666666667,"Washakie","Wyoming",4.1,7,1,3
